/*!40101 SET @OLD_CHARACTER_SET_CLIENT=@@CHARACTER_SET_CLIENT */;
/*!40101 SET @OLD_CHARACTER_SET_RESULTS=@@CHARACTER_SET_RESULTS */;
/*!40101 SET @OLD_COLLATION_CONNECTION=@@COLLATION_CONNECTION */;
/*!40101 SET NAMES utf8mb4 */;
/*!40014 SET @OLD_UNIQUE_CHECKS=@@UNIQUE_CHECKS, UNIQUE_CHECKS=0 */;
/*!40014 SET @OLD_FOREIGN_KEY_CHECKS=@@FOREIGN_KEY_CHECKS, FOREIGN_KEY_CHECKS=0 */;
/*!40101 SET @OLD_SQL_MODE=@@SQL_MODE, SQL_MODE='NO_AUTO_VALUE_ON_ZERO' */;
/*!40111 SET @OLD_SQL_NOTES=@@SQL_NOTES, SQL_NOTES=0 */;

CREATE TABLE `addresses` (
  `id` int NOT NULL AUTO_INCREMENT,
  `user_id` int DEFAULT NULL,
  `name` varchar(255) DEFAULT NULL,
  `phone` varchar(255) DEFAULT NULL,
  `address` varchar(255) DEFAULT NULL,
  `is_default` varchar(255) DEFAULT NULL,
  `createdAt` datetime NOT NULL,
  `updatedAt` datetime NOT NULL,
  PRIMARY KEY (`id`),
  KEY `user_id` (`user_id`),
  CONSTRAINT `addresses_ibfk_1` FOREIGN KEY (`user_id`) REFERENCES `users` (`id`)
) ENGINE=InnoDB AUTO_INCREMENT=3 DEFAULT CHARSET=utf8mb4 COLLATE=utf8mb4_0900_ai_ci;

CREATE TABLE `cart_items` (
  `id` int NOT NULL AUTO_INCREMENT,
  `product_variant_id` int DEFAULT NULL,
  `cart_id` int DEFAULT NULL,
  `quantity` int DEFAULT NULL,
  `createdAt` datetime NOT NULL,
  `updatedAt` datetime NOT NULL,
  PRIMARY KEY (`id`),
  KEY `product_variant_id` (`product_variant_id`),
  KEY `cart_id` (`cart_id`),
  CONSTRAINT `cart_items_ibfk_1` FOREIGN KEY (`product_variant_id`) REFERENCES `product_variant_values` (`id`),
  CONSTRAINT `cart_items_ibfk_2` FOREIGN KEY (`cart_id`) REFERENCES `carts` (`id`)
) ENGINE=InnoDB AUTO_INCREMENT=9 DEFAULT CHARSET=utf8mb4 COLLATE=utf8mb4_0900_ai_ci;

CREATE TABLE `carts` (
  `id` int NOT NULL AUTO_INCREMENT,
  `user_id` int DEFAULT NULL,
  `createdAt` datetime NOT NULL,
  `updatedAt` datetime NOT NULL,
  PRIMARY KEY (`id`),
  KEY `user_id` (`user_id`),
  CONSTRAINT `carts_ibfk_1` FOREIGN KEY (`user_id`) REFERENCES `users` (`id`)
) ENGINE=InnoDB AUTO_INCREMENT=4 DEFAULT CHARSET=utf8mb4 COLLATE=utf8mb4_0900_ai_ci;

CREATE TABLE `categories` (
  `id` int NOT NULL AUTO_INCREMENT,
  `name` varchar(255) DEFAULT NULL,
  `image` varchar(255) DEFAULT NULL,
  `createdAt` datetime NOT NULL,
  `updatedAt` datetime NOT NULL,
  PRIMARY KEY (`id`)
) ENGINE=InnoDB AUTO_INCREMENT=5 DEFAULT CHARSET=utf8mb4 COLLATE=utf8mb4_0900_ai_ci;

CREATE TABLE `order_details` (
  `id` int NOT NULL AUTO_INCREMENT,
  `order_id` int DEFAULT NULL,
  `product_variant_id` int DEFAULT NULL,
  `quantity` int DEFAULT NULL,
  `price` float DEFAULT NULL,
  `createdAt` datetime NOT NULL,
  `updatedAt` datetime NOT NULL,
  PRIMARY KEY (`id`),
  KEY `order_id` (`order_id`),
  KEY `product_variant_id` (`product_variant_id`),
  CONSTRAINT `order_details_ibfk_1` FOREIGN KEY (`order_id`) REFERENCES `orders` (`id`),
  CONSTRAINT `order_details_ibfk_2` FOREIGN KEY (`product_variant_id`) REFERENCES `product_variant_values` (`id`)
) ENGINE=InnoDB AUTO_INCREMENT=47 DEFAULT CHARSET=utf8mb4 COLLATE=utf8mb4_0900_ai_ci;

CREATE TABLE `orders` (
  `id` int NOT NULL AUTO_INCREMENT,
  `user_id` int DEFAULT NULL,
  `total_price` float DEFAULT NULL,
  `status` enum('ordered','prepare','shipping','completed') DEFAULT NULL,
  `payment` tinyint(1) DEFAULT NULL,
  `address_id` int DEFAULT NULL,
  `createdAt` datetime NOT NULL,
  `updatedAt` datetime NOT NULL,
  PRIMARY KEY (`id`),
  KEY `user_id` (`user_id`),
  KEY `address_id` (`address_id`),
  CONSTRAINT `orders_ibfk_1` FOREIGN KEY (`user_id`) REFERENCES `users` (`id`),
  CONSTRAINT `orders_ibfk_2` FOREIGN KEY (`address_id`) REFERENCES `addresses` (`id`)
) ENGINE=InnoDB AUTO_INCREMENT=50 DEFAULT CHARSET=utf8mb4 COLLATE=utf8mb4_0900_ai_ci;

CREATE TABLE `product_images` (
  `id` int NOT NULL AUTO_INCREMENT,
  `product_id` int DEFAULT NULL,
  `path` varchar(255) DEFAULT NULL,
  `createdAt` datetime NOT NULL,
  `updatedAt` datetime NOT NULL,
  PRIMARY KEY (`id`),
  KEY `product_id` (`product_id`),
  CONSTRAINT `product_images_ibfk_1` FOREIGN KEY (`product_id`) REFERENCES `products` (`id`)
) ENGINE=InnoDB AUTO_INCREMENT=105 DEFAULT CHARSET=utf8mb4 COLLATE=utf8mb4_0900_ai_ci;

CREATE TABLE `product_variant_values` (
  `id` int NOT NULL AUTO_INCREMENT,
  `product_id` int DEFAULT NULL,
  `price` float DEFAULT NULL,
  `old_price` float DEFAULT NULL,
  `stock` int DEFAULT NULL,
  `image` varchar(255) DEFAULT NULL,
  `sku` varchar(255) DEFAULT NULL,
  `createdAt` datetime NOT NULL,
  `updatedAt` datetime NOT NULL,
  PRIMARY KEY (`id`),
  KEY `product_id` (`product_id`),
  CONSTRAINT `product_variant_values_ibfk_1` FOREIGN KEY (`product_id`) REFERENCES `products` (`id`)
) ENGINE=InnoDB AUTO_INCREMENT=64 DEFAULT CHARSET=utf8mb4 COLLATE=utf8mb4_0900_ai_ci;

CREATE TABLE `products` (
  `id` int NOT NULL AUTO_INCREMENT,
  `name` varchar(255) DEFAULT NULL,
  `description` longtext,
  `price` float DEFAULT NULL,
  `stock` int DEFAULT NULL,
  `category_id` int DEFAULT NULL,
  `section_id` int DEFAULT NULL,
  `createdAt` datetime NOT NULL,
  `updatedAt` datetime NOT NULL,
  PRIMARY KEY (`id`),
  KEY `category_id` (`category_id`),
  KEY `section_id` (`section_id`),
  CONSTRAINT `products_ibfk_1` FOREIGN KEY (`category_id`) REFERENCES `categories` (`id`),
  CONSTRAINT `products_ibfk_2` FOREIGN KEY (`section_id`) REFERENCES `sections` (`id`)
) ENGINE=InnoDB AUTO_INCREMENT=26 DEFAULT CHARSET=utf8mb4 COLLATE=utf8mb4_0900_ai_ci;

CREATE TABLE `reviews` (
  `id` int NOT NULL AUTO_INCREMENT,
  `user_id` int DEFAULT NULL,
  `product_id` int DEFAULT NULL,
  `rating` int DEFAULT NULL,
  `comment` varchar(255) DEFAULT NULL,
  `createdAt` datetime NOT NULL,
  `updatedAt` datetime NOT NULL,
  PRIMARY KEY (`id`),
  KEY `user_id` (`user_id`),
  KEY `product_id` (`product_id`),
  CONSTRAINT `reviews_ibfk_1` FOREIGN KEY (`user_id`) REFERENCES `users` (`id`),
  CONSTRAINT `reviews_ibfk_2` FOREIGN KEY (`product_id`) REFERENCES `products` (`id`)
) ENGINE=InnoDB DEFAULT CHARSET=utf8mb4 COLLATE=utf8mb4_0900_ai_ci;

CREATE TABLE `sections` (
  `id` int NOT NULL AUTO_INCREMENT,
  `name` varchar(255) DEFAULT NULL,
  `image` varchar(255) DEFAULT NULL,
  `createdAt` datetime NOT NULL,
  `updatedAt` datetime NOT NULL,
  PRIMARY KEY (`id`)
) ENGINE=InnoDB AUTO_INCREMENT=4 DEFAULT CHARSET=utf8mb4 COLLATE=utf8mb4_0900_ai_ci;

CREATE TABLE `SequelizeMeta` (
  `name` varchar(255) COLLATE utf8mb3_unicode_ci NOT NULL,
  PRIMARY KEY (`name`),
  UNIQUE KEY `name` (`name`)
) ENGINE=InnoDB DEFAULT CHARSET=utf8mb3 COLLATE=utf8mb3_unicode_ci;

CREATE TABLE `users` (
  `id` int NOT NULL AUTO_INCREMENT,
  `email` varchar(255) DEFAULT NULL,
  `type` varchar(255) DEFAULT NULL,
  `firstname` varchar(255) DEFAULT NULL,
  `lastname` varchar(255) DEFAULT NULL,
  `password` varchar(255) DEFAULT NULL,
  `role` enum('user','admin') DEFAULT NULL,
  `avatar` varchar(255) DEFAULT NULL,
  `createdAt` datetime NOT NULL,
  `updatedAt` datetime NOT NULL,
  PRIMARY KEY (`id`)
) ENGINE=InnoDB AUTO_INCREMENT=3 DEFAULT CHARSET=utf8mb4 COLLATE=utf8mb4_0900_ai_ci;

CREATE TABLE `variant_values` (
  `id` int NOT NULL AUTO_INCREMENT,
  `name` varchar(255) DEFAULT NULL,
  `variant_id` int DEFAULT NULL,
  `createdAt` datetime NOT NULL,
  `updatedAt` datetime NOT NULL,
  PRIMARY KEY (`id`),
  KEY `variant_id` (`variant_id`),
  CONSTRAINT `variant_values_ibfk_1` FOREIGN KEY (`variant_id`) REFERENCES `variants` (`id`)
) ENGINE=InnoDB AUTO_INCREMENT=21 DEFAULT CHARSET=utf8mb4 COLLATE=utf8mb4_0900_ai_ci;

CREATE TABLE `variants` (
  `id` int NOT NULL AUTO_INCREMENT,
  `name` varchar(255) DEFAULT NULL,
  `createdAt` datetime NOT NULL,
  `updatedAt` datetime NOT NULL,
  PRIMARY KEY (`id`)
) ENGINE=InnoDB AUTO_INCREMENT=8 DEFAULT CHARSET=utf8mb4 COLLATE=utf8mb4_0900_ai_ci;

INSERT INTO `addresses` (`id`, `user_id`, `name`, `phone`, `address`, `is_default`, `createdAt`, `updatedAt`) VALUES
(1, 1, 'Nguyễn Trọng Trường', '0334011350', 'Số 8, Ngách 53, Ngõ 68 Triều Khúc', '1', '2025-05-20 15:57:02', '2025-05-20 15:57:02');
INSERT INTO `addresses` (`id`, `user_id`, `name`, `phone`, `address`, `is_default`, `createdAt`, `updatedAt`) VALUES
(2, 2, 'Nguyễn Trọng Trường', '0334011350', 'Phuc Bo, Ngoc Lam, My Hao, Hung Yen', '1', '2025-05-21 16:01:05', '2025-05-21 16:01:05');


INSERT INTO `cart_items` (`id`, `product_variant_id`, `cart_id`, `quantity`, `createdAt`, `updatedAt`) VALUES
(1, 32, 2, 1, '2025-05-20 15:56:51', '2025-05-21 14:59:21');
INSERT INTO `cart_items` (`id`, `product_variant_id`, `cart_id`, `quantity`, `createdAt`, `updatedAt`) VALUES
(2, 62, 2, 1, '2025-05-21 14:16:23', '2025-05-21 14:19:36');
INSERT INTO `cart_items` (`id`, `product_variant_id`, `cart_id`, `quantity`, `createdAt`, `updatedAt`) VALUES
(5, 51, 2, 1, '2025-05-21 14:23:23', '2025-05-21 14:41:09');
INSERT INTO `cart_items` (`id`, `product_variant_id`, `cart_id`, `quantity`, `createdAt`, `updatedAt`) VALUES
(6, 35, 2, 1, '2025-05-21 14:32:06', '2025-05-21 14:32:06'),
(7, 1, 3, 1, '2025-05-21 16:00:43', '2025-05-21 16:00:43'),
(8, 63, 2, 1, '2025-05-22 03:33:25', '2025-05-22 03:33:25');

INSERT INTO `carts` (`id`, `user_id`, `createdAt`, `updatedAt`) VALUES
(2, 1, '2025-05-20 14:53:12', '2025-05-20 14:53:12');
INSERT INTO `carts` (`id`, `user_id`, `createdAt`, `updatedAt`) VALUES
(3, 2, '2025-05-21 16:00:38', '2025-05-21 16:00:38');


INSERT INTO `categories` (`id`, `name`, `image`, `createdAt`, `updatedAt`) VALUES
(1, 'Áo', NULL, '2025-05-20 14:54:46', '2025-05-20 14:54:46');
INSERT INTO `categories` (`id`, `name`, `image`, `createdAt`, `updatedAt`) VALUES
(2, 'Quần', NULL, '2025-05-20 14:54:51', '2025-05-20 14:54:51');
INSERT INTO `categories` (`id`, `name`, `image`, `createdAt`, `updatedAt`) VALUES
(3, 'Giày', NULL, '2025-05-20 14:54:56', '2025-05-20 14:54:56');
INSERT INTO `categories` (`id`, `name`, `image`, `createdAt`, `updatedAt`) VALUES
(4, 'Phụ kiện', NULL, '2025-05-20 14:55:11', '2025-05-20 14:55:11');

INSERT INTO `order_details` (`id`, `order_id`, `product_variant_id`, `quantity`, `price`, `createdAt`, `updatedAt`) VALUES
(41, 44, 32, 1, 799, '2025-05-21 15:51:16', '2025-05-21 15:51:16');
INSERT INTO `order_details` (`id`, `order_id`, `product_variant_id`, `quantity`, `price`, `createdAt`, `updatedAt`) VALUES
(43, 46, 35, 1, 799, '2025-05-21 15:52:49', '2025-05-21 15:52:49');
INSERT INTO `order_details` (`id`, `order_id`, `product_variant_id`, `quantity`, `price`, `createdAt`, `updatedAt`) VALUES
(44, 47, 51, 1, 1799, '2025-05-21 15:53:19', '2025-05-21 15:53:19');
INSERT INTO `order_details` (`id`, `order_id`, `product_variant_id`, `quantity`, `price`, `createdAt`, `updatedAt`) VALUES
(45, 48, 1, 1, 1599, '2025-05-21 16:01:14', '2025-05-21 16:01:14');

INSERT INTO `orders` (`id`, `user_id`, `total_price`, `status`, `payment`, `address_id`, `createdAt`, `updatedAt`) VALUES
(44, 1, 799, 'ordered', 1, 1, '2025-05-21 15:51:16', '2025-05-21 15:51:29');
INSERT INTO `orders` (`id`, `user_id`, `total_price`, `status`, `payment`, `address_id`, `createdAt`, `updatedAt`) VALUES
(46, 1, 799, 'prepare', 1, 1, '2025-05-21 15:52:49', '2025-05-21 16:20:46');
INSERT INTO `orders` (`id`, `user_id`, `total_price`, `status`, `payment`, `address_id`, `createdAt`, `updatedAt`) VALUES
(47, 1, 1799, 'prepare', 0, 1, '2025-05-21 15:53:19', '2025-05-21 16:20:38');
INSERT INTO `orders` (`id`, `user_id`, `total_price`, `status`, `payment`, `address_id`, `createdAt`, `updatedAt`) VALUES
(48, 2, 1599, 'ordered', 0, 2, '2025-05-21 16:01:14', '2025-05-21 16:01:14'),
(49, 1, 1, 'ordered', 0, 1, '2025-05-22 03:33:33', '2025-05-22 03:33:33');

INSERT INTO `product_images` (`id`, `product_id`, `path`, `createdAt`, `updatedAt`) VALUES
(1, 1, '/images/product_images-1747753365517-319472776.jpg', '2025-05-20 15:02:45', '2025-05-20 15:02:45');
INSERT INTO `product_images` (`id`, `product_id`, `path`, `createdAt`, `updatedAt`) VALUES
(2, 1, '/images/product_images-1747753365537-303622980.jpg', '2025-05-20 15:02:45', '2025-05-20 15:02:45');
INSERT INTO `product_images` (`id`, `product_id`, `path`, `createdAt`, `updatedAt`) VALUES
(3, 1, '/images/product_images-1747753365539-274430436.jpg', '2025-05-20 15:02:45', '2025-05-20 15:02:45');
INSERT INTO `product_images` (`id`, `product_id`, `path`, `createdAt`, `updatedAt`) VALUES
(4, 1, '/images/product_images-1747753365551-522056527.jpg', '2025-05-20 15:02:45', '2025-05-20 15:02:45'),
(5, 2, '/images/product_images-1747753826501-127604892.jpg', '2025-05-20 15:10:26', '2025-05-20 15:10:26'),
(6, 2, '/images/product_images-1747753826503-144670371.jpg', '2025-05-20 15:10:26', '2025-05-20 15:10:26'),
(7, 2, '/images/product_images-1747753826507-879746782.jpg', '2025-05-20 15:10:26', '2025-05-20 15:10:26'),
(8, 2, '/images/product_images-1747753826508-425595601.jpg', '2025-05-20 15:10:26', '2025-05-20 15:10:26'),
(9, 3, '/images/product_images-1747754283033-207794588.jpg', '2025-05-20 15:18:03', '2025-05-20 15:18:03'),
(10, 3, '/images/product_images-1747754283035-270337105.jpg', '2025-05-20 15:18:03', '2025-05-20 15:18:03'),
(11, 3, '/images/product_images-1747754283038-865183434.jpg', '2025-05-20 15:18:03', '2025-05-20 15:18:03'),
(12, 3, '/images/product_images-1747754283039-185800876.jpg', '2025-05-20 15:18:03', '2025-05-20 15:18:03'),
(13, 3, '/images/product_images-1747754283039-950823069.jpg', '2025-05-20 15:18:03', '2025-05-20 15:18:03'),
(14, 4, '/images/product_images-1747754491405-689881379.jpg', '2025-05-20 15:21:31', '2025-05-20 15:21:31'),
(15, 4, '/images/product_images-1747754491408-917652333.jpg', '2025-05-20 15:21:31', '2025-05-20 15:21:31'),
(16, 4, '/images/product_images-1747754491411-870578112.jpg', '2025-05-20 15:21:31', '2025-05-20 15:21:31'),
(17, 4, '/images/product_images-1747754491413-541301101.jpg', '2025-05-20 15:21:31', '2025-05-20 15:21:31'),
(18, 4, '/images/product_images-1747754491413-489367623.jpg', '2025-05-20 15:21:31', '2025-05-20 15:21:31'),
(24, 5, '/images/product_images-1747754928128-963334368.jpg', '2025-05-20 15:28:48', '2025-05-20 15:28:48'),
(25, 5, '/images/product_images-1747754928129-624941993.jpg', '2025-05-20 15:28:48', '2025-05-20 15:28:48'),
(26, 5, '/images/product_images-1747754928131-774914585.jpg', '2025-05-20 15:28:48', '2025-05-20 15:28:48'),
(27, 5, '/images/product_images-1747754928133-68424854.jpg', '2025-05-20 15:28:48', '2025-05-20 15:28:48'),
(28, 5, '/images/product_images-1747754928134-473044239.jpg', '2025-05-20 15:28:48', '2025-05-20 15:28:48'),
(29, 6, '/images/product_images-1747755165949-739929567.jpg', '2025-05-20 15:32:46', '2025-05-20 15:32:46'),
(30, 6, '/images/product_images-1747755165950-755820248.jpg', '2025-05-20 15:32:46', '2025-05-20 15:32:46'),
(31, 6, '/images/product_images-1747755165951-428797373.jpg', '2025-05-20 15:32:46', '2025-05-20 15:32:46'),
(32, 6, '/images/product_images-1747755165952-93372432.jpg', '2025-05-20 15:32:46', '2025-05-20 15:32:46'),
(33, 6, '/images/product_images-1747755165952-936512063.jpg', '2025-05-20 15:32:46', '2025-05-20 15:32:46'),
(34, 7, '/images/product_images-1747755400700-666888550.jpg', '2025-05-20 15:36:40', '2025-05-20 15:36:40'),
(35, 7, '/images/product_images-1747755400701-583939941.jpg', '2025-05-20 15:36:40', '2025-05-20 15:36:40'),
(36, 7, '/images/product_images-1747755400702-995806784.jpg', '2025-05-20 15:36:40', '2025-05-20 15:36:40'),
(37, 7, '/images/product_images-1747755400702-641457058.jpg', '2025-05-20 15:36:40', '2025-05-20 15:36:40'),
(38, 7, '/images/product_images-1747755400702-763305974.jpg', '2025-05-20 15:36:40', '2025-05-20 15:36:40'),
(39, 8, '/images/product_images-1747755563302-814564847.jpg', '2025-05-20 15:39:23', '2025-05-20 15:39:23'),
(40, 8, '/images/product_images-1747755563309-451979965.jpg', '2025-05-20 15:39:23', '2025-05-20 15:39:23'),
(41, 8, '/images/product_images-1747755563312-79234089.jpg', '2025-05-20 15:39:23', '2025-05-20 15:39:23'),
(42, 8, '/images/product_images-1747755563316-898440064.jpg', '2025-05-20 15:39:23', '2025-05-20 15:39:23'),
(43, 8, '/images/product_images-1747755563318-414707136.jpg', '2025-05-20 15:39:23', '2025-05-20 15:39:23'),
(44, 9, '/images/product_images-1747755775404-760134236.jpg', '2025-05-20 15:42:55', '2025-05-20 15:42:55'),
(45, 9, '/images/product_images-1747755775405-807266440.jpg', '2025-05-20 15:42:55', '2025-05-20 15:42:55'),
(46, 9, '/images/product_images-1747755775407-994855875.jpg', '2025-05-20 15:42:55', '2025-05-20 15:42:55'),
(47, 9, '/images/product_images-1747755775412-657508087.jpg', '2025-05-20 15:42:55', '2025-05-20 15:42:55'),
(48, 9, '/images/product_images-1747755775412-175558862.jpg', '2025-05-20 15:42:55', '2025-05-20 15:42:55'),
(49, 10, '/images/product_images-1747755967855-81730369.jpg', '2025-05-20 15:46:07', '2025-05-20 15:46:07'),
(50, 10, '/images/product_images-1747755967856-349352806.jpg', '2025-05-20 15:46:07', '2025-05-20 15:46:07'),
(51, 10, '/images/product_images-1747755967858-983819450.jpg', '2025-05-20 15:46:07', '2025-05-20 15:46:07'),
(52, 10, '/images/product_images-1747755967858-534196039.jpg', '2025-05-20 15:46:07', '2025-05-20 15:46:07'),
(53, 10, '/images/product_images-1747755967858-61273037.jpg', '2025-05-20 15:46:07', '2025-05-20 15:46:07'),
(58, 12, '/images/product_images-1747756550668-486240947.jpg', '2025-05-20 15:55:50', '2025-05-20 15:55:50'),
(59, 12, '/images/product_images-1747756550673-268439431.jpg', '2025-05-20 15:55:50', '2025-05-20 15:55:50'),
(60, 13, '/images/product_images-1747756923164-203682639.jpg', '2025-05-20 16:02:03', '2025-05-20 16:02:03'),
(61, 13, '/images/product_images-1747756923167-904019171.jpg', '2025-05-20 16:02:03', '2025-05-20 16:02:03'),
(62, 13, '/images/product_images-1747756923169-260755964.jpg', '2025-05-20 16:02:03', '2025-05-20 16:02:03'),
(63, 13, '/images/product_images-1747756923176-936125671.jpg', '2025-05-20 16:02:03', '2025-05-20 16:02:03'),
(64, 14, '/images/product_images-1747767618803-301183314.jpg', '2025-05-20 19:00:18', '2025-05-20 19:00:18'),
(65, 14, '/images/product_images-1747767618806-457661535.jpg', '2025-05-20 19:00:18', '2025-05-20 19:00:18'),
(66, 14, '/images/product_images-1747767618806-226739050.jpg', '2025-05-20 19:00:18', '2025-05-20 19:00:18'),
(67, 15, '/images/product_images-1747767677111-291184111.jpg', '2025-05-20 19:01:17', '2025-05-20 19:01:17'),
(68, 15, '/images/product_images-1747767677112-569785829.jpg', '2025-05-20 19:01:17', '2025-05-20 19:01:17'),
(69, 15, '/images/product_images-1747767677112-791219004.jpg', '2025-05-20 19:01:17', '2025-05-20 19:01:17'),
(70, 16, '/images/product_images-1747767815699-570147097.jpg', '2025-05-20 19:03:35', '2025-05-20 19:03:35'),
(71, 16, '/images/product_images-1747767815704-379333040.jpg', '2025-05-20 19:03:35', '2025-05-20 19:03:35'),
(72, 16, '/images/product_images-1747767815704-13669604.jpg', '2025-05-20 19:03:35', '2025-05-20 19:03:35'),
(73, 16, '/images/product_images-1747767815705-74713879.jpg', '2025-05-20 19:03:35', '2025-05-20 19:03:35'),
(74, 17, '/images/product_images-1747767937265-576183649.jpg', '2025-05-20 19:05:37', '2025-05-20 19:05:37'),
(75, 17, '/images/product_images-1747767937270-9935844.jpg', '2025-05-20 19:05:37', '2025-05-20 19:05:37'),
(76, 17, '/images/product_images-1747767937279-671443251.jpg', '2025-05-20 19:05:37', '2025-05-20 19:05:37'),
(77, 18, '/images/product_images-1747768077874-448724301.jpg', '2025-05-20 19:07:58', '2025-05-20 19:07:58'),
(78, 18, '/images/product_images-1747768077882-89152096.jpg', '2025-05-20 19:07:58', '2025-05-20 19:07:58'),
(79, 18, '/images/product_images-1747768077882-849784462.jpg', '2025-05-20 19:07:58', '2025-05-20 19:07:58'),
(80, 18, '/images/product_images-1747768077884-832757605.jpg', '2025-05-20 19:07:58', '2025-05-20 19:07:58'),
(81, 19, '/images/product_images-1747768160318-922421328.jpg', '2025-05-20 19:09:20', '2025-05-20 19:09:20'),
(82, 19, '/images/product_images-1747768160323-246822524.jpg', '2025-05-20 19:09:20', '2025-05-20 19:09:20'),
(83, 20, '/images/product_images-1747768227424-748232734.jpg', '2025-05-20 19:10:27', '2025-05-20 19:10:27'),
(84, 20, '/images/product_images-1747768227427-745672.jpg', '2025-05-20 19:10:27', '2025-05-20 19:10:27'),
(85, 20, '/images/product_images-1747768227429-921852151.jpg', '2025-05-20 19:10:27', '2025-05-20 19:10:27'),
(86, 20, '/images/product_images-1747768227429-227117875.jpg', '2025-05-20 19:10:27', '2025-05-20 19:10:27'),
(87, 21, '/images/product_images-1747768307638-208907445.jpg', '2025-05-20 19:11:47', '2025-05-20 19:11:47'),
(88, 21, '/images/product_images-1747768307638-395958180.jpg', '2025-05-20 19:11:47', '2025-05-20 19:11:47'),
(89, 21, '/images/product_images-1747768307638-331174972.jpg', '2025-05-20 19:11:47', '2025-05-20 19:11:47'),
(90, 21, '/images/product_images-1747768307642-569539264.jpg', '2025-05-20 19:11:47', '2025-05-20 19:11:47'),
(91, 22, '/images/product_images-1747768573867-433529924.jpg', '2025-05-20 19:16:14', '2025-05-20 19:16:14'),
(92, 22, '/images/product_images-1747768573868-440364893.jpg', '2025-05-20 19:16:14', '2025-05-20 19:16:14'),
(93, 22, '/images/product_images-1747768573871-678508127.jpg', '2025-05-20 19:16:14', '2025-05-20 19:16:14'),
(94, 22, '/images/product_images-1747768573871-728510428.jpg', '2025-05-20 19:16:14', '2025-05-20 19:16:14'),
(95, 22, '/images/product_images-1747768573871-692163664.jpg', '2025-05-20 19:16:14', '2025-05-20 19:16:14'),
(96, 23, '/images/product_images-1747768736522-435899308.jpg', '2025-05-20 19:18:56', '2025-05-20 19:18:56'),
(97, 23, '/images/product_images-1747768736522-283823714.jpg', '2025-05-20 19:18:56', '2025-05-20 19:18:56'),
(98, 23, '/images/product_images-1747768736524-449257532.jpg', '2025-05-20 19:18:56', '2025-05-20 19:18:56'),
(99, 23, '/images/product_images-1747768736535-62687298.jpg', '2025-05-20 19:18:56', '2025-05-20 19:18:56'),
(100, 24, '/images/product_images-1747836953462-496380498.jpg', '2025-05-21 14:15:53', '2025-05-21 14:15:53'),
(101, 24, '/images/product_images-1747836953466-443903505.jpg', '2025-05-21 14:15:53', '2025-05-21 14:15:53'),
(102, 24, '/images/product_images-1747836953466-46670201.jpg', '2025-05-21 14:15:53', '2025-05-21 14:15:53'),
(103, 24, '/images/product_images-1747836953472-258335140.jpg', '2025-05-21 14:15:53', '2025-05-21 14:15:53'),
(104, 25, '/images/product_images-1747883674589-37214424.jpg', '2025-05-22 03:14:34', '2025-05-22 03:14:34');

INSERT INTO `product_variant_values` (`id`, `product_id`, `price`, `old_price`, `stock`, `image`, `sku`, `createdAt`, `updatedAt`) VALUES
(1, 1, 1599, 2000, 50, '/images/variant_images-1747753365552-966091061.jpg', '1', '2025-05-20 15:02:45', '2025-05-21 16:01:14');
INSERT INTO `product_variant_values` (`id`, `product_id`, `price`, `old_price`, `stock`, `image`, `sku`, `createdAt`, `updatedAt`) VALUES
(2, 1, 1599, 2000, 52, '/images/variant_images-1747753365554-754270876.jpg', '2', '2025-05-20 15:02:45', '2025-05-20 15:02:45');
INSERT INTO `product_variant_values` (`id`, `product_id`, `price`, `old_price`, `stock`, `image`, `sku`, `createdAt`, `updatedAt`) VALUES
(3, 1, 1599, 2000, 53, '/images/variant_images-1747753365554-454957278.jpg', '3', '2025-05-20 15:02:45', '2025-05-20 15:02:45');
INSERT INTO `product_variant_values` (`id`, `product_id`, `price`, `old_price`, `stock`, `image`, `sku`, `createdAt`, `updatedAt`) VALUES
(4, 2, 1599, 2000, 50, '/images/variant_images-1747753826510-428820118.jpg', '1', '2025-05-20 15:10:26', '2025-05-20 15:10:26'),
(5, 2, 1599, 2000, 51, '/images/variant_images-1747753826510-876790032.jpg', '2', '2025-05-20 15:10:26', '2025-05-20 15:10:26'),
(6, 2, 1599, 2000, 64, '/images/variant_images-1747753826513-282972547.jpg', '3', '2025-05-20 15:10:26', '2025-05-20 15:10:26'),
(7, 3, 1399, 1899, 54, '/images/variant_images-1747754283040-183525198.jpg', '1', '2025-05-20 15:18:03', '2025-05-20 15:18:03'),
(8, 3, 1399, 1899, 62, '/images/variant_images-1747754283044-164429541.jpg', '2', '2025-05-20 15:18:03', '2025-05-20 15:18:03'),
(9, 3, 1399, 1899, 26, '/images/variant_images-1747754283046-910625211.jpg', '3', '2025-05-20 15:18:03', '2025-05-20 15:18:03'),
(10, 4, 1799, 2000, 72, '/images/variant_images-1747754491415-437273812.jpg', '1', '2025-05-20 15:21:31', '2025-05-20 15:21:31'),
(11, 4, 1799, 2000, 82, '/images/variant_images-1747754491417-382781202.jpg', '2', '2025-05-20 15:21:31', '2025-05-20 15:21:31'),
(12, 4, 1799, 2000, 32, '/images/variant_images-1747754491420-792680832.jpg', '3', '2025-05-20 15:21:31', '2025-05-20 15:21:31'),
(13, 5, 1899, 2000, 71, '/images/variant_images-1747754928136-621719476.jpg', '1', '2025-05-20 15:28:48', '2025-05-20 15:28:48'),
(14, 5, 1899, 2000, 64, '/images/variant_images-1747754928137-122563359.jpg', '2', '2025-05-20 15:28:48', '2025-05-20 15:28:48'),
(15, 5, 1899, 2000, 21, '/images/variant_images-1747754928138-703430796.jpg', '3', '2025-05-20 15:28:48', '2025-05-20 15:28:48'),
(16, 6, 1299, 1500, 62, '/images/variant_images-1747755165953-441944306.jpg', '1', '2025-05-20 15:32:46', '2025-05-20 15:32:46'),
(17, 6, 1299, 1500, 71, '/images/variant_images-1747755165953-465001573.jpg', '2', '2025-05-20 15:32:46', '2025-05-20 15:32:46'),
(18, 6, 1299, 1500, 21, '/images/variant_images-1747755165957-488815961.jpg', '3', '2025-05-20 15:32:46', '2025-05-20 15:32:46'),
(19, 7, 1299, 1500, 26, '/images/variant_images-1747755400708-352549939.jpg', '3', '2025-05-20 15:36:40', '2025-05-20 15:36:40'),
(20, 7, 1299, 1500, 42, '/images/variant_images-1747755400708-985721755.jpg', '2', '2025-05-20 15:36:40', '2025-05-20 15:36:40'),
(21, 7, 1299, 1500, 85, '/images/variant_images-1747755400708-109603253.jpg', '1', '2025-05-20 15:36:40', '2025-05-20 15:36:40'),
(22, 8, 1799, 2000, 55, '/images/variant_images-1747755563318-650521894.jpg', '1', '2025-05-20 15:39:23', '2025-05-20 15:39:23'),
(23, 8, 1799, 2000, 55, '/images/variant_images-1747755563320-358762573.jpg', '2', '2025-05-20 15:39:23', '2025-05-20 15:39:23'),
(24, 8, 1799, 2000, 55, '/images/variant_images-1747755563321-731397900.jpg', '3', '2025-05-20 15:39:23', '2025-05-20 15:39:23'),
(25, 9, 1299, 1500, 11, '/images/variant_images-1747755775412-225479810.jpg', '4', '2025-05-20 15:42:55', '2025-05-20 15:42:55'),
(26, 9, 1399, 1500, 51, '/images/variant_images-1747755775414-463912533.jpg', '1', '2025-05-20 15:42:55', '2025-05-20 15:42:55'),
(27, 9, 1399, 1500, 65, '/images/variant_images-1747755775414-880551300.jpg', '2', '2025-05-20 15:42:55', '2025-05-20 15:42:55'),
(28, 9, 999, 1500, 3, '/images/variant_images-1747755775416-947843003.jpg', '3', '2025-05-20 15:42:55', '2025-05-20 15:42:55'),
(29, 10, 1399, 1599, 66, '/images/variant_images-1747755967858-887209105.jpg', '1', '2025-05-20 15:46:07', '2025-05-20 15:46:07'),
(30, 10, 1399, 1599, 77, '/images/variant_images-1747755967859-888097413.jpg', '2', '2025-05-20 15:46:07', '2025-05-20 15:46:07'),
(31, 10, 1399, 1599, 22, '/images/variant_images-1747755967859-324687639.jpg', '3', '2025-05-20 15:46:07', '2025-05-20 15:46:07'),
(32, 12, 799, 1000, 93, '/images/variant_images-1747756550673-628437948.jpg', '', '2025-05-20 15:55:50', '2025-05-21 15:51:16'),
(33, 13, 899, 1000, 99, '/images/variant_images-1747756923176-141974632.jpg', '5', '2025-05-20 16:02:03', '2025-05-20 16:02:03'),
(34, 13, 639, 899, 88, '/images/variant_images-1747756923176-183606254.jpg', '6', '2025-05-20 16:02:03', '2025-05-20 16:02:03'),
(35, 14, 799, 1000, 92, '/images/variant_images-1747767618806-173313783.jpg', '', '2025-05-20 19:00:19', '2025-05-21 15:52:49'),
(36, 15, 899, 1000, 99, '/images/variant_images-1747767677113-856937230.jpg', '', '2025-05-20 19:01:17', '2025-05-20 19:01:17'),
(37, 16, 649, 700, 99, '/images/variant_images-1747767815705-128508829.jpg', '1', '2025-05-20 19:03:35', '2025-05-20 19:03:35'),
(38, 16, 649, 700, 99, '/images/variant_images-1747767815705-468022259.jpg', '2', '2025-05-20 19:03:35', '2025-05-20 19:03:35'),
(39, 17, 1599, 2000, 199, '/images/variant_images-1747767937293-597110295.jpg', '', '2025-05-20 19:05:37', '2025-05-20 19:05:37'),
(40, 18, 1299, 1500, 99, '/images/variant_images-1747768077885-718464581.jpg', '7', '2025-05-20 19:07:58', '2025-05-20 19:07:58'),
(41, 18, 1299, 1500, 99, '/images/variant_images-1747768077886-707081538.jpg', '8', '2025-05-20 19:07:58', '2025-05-20 19:07:58'),
(42, 19, 1299, 1500, 99, '/images/variant_images-1747768160327-599698817.jpg', '', '2025-05-20 19:09:20', '2025-05-20 19:09:20'),
(43, 20, 799, 1000, 99, '/images/variant_images-1747768227429-645894701.jpg', '', '2025-05-20 19:10:27', '2025-05-20 19:10:27'),
(44, 21, 1999, 2300, 121, '/images/variant_images-1747768307643-408711753.jpg', '', '2025-05-20 19:11:47', '2025-05-20 19:11:47'),
(45, 22, 1799, 2000, 99, '/images/variant_images-1747768573873-326984328.jpg', '1', '2025-05-20 19:16:14', '2025-05-22 03:09:53'),
(46, 22, 1799, 2000, 99, '/images/variant_images-1747768573874-769377011.jpg', '2', '2025-05-20 19:16:14', '2025-05-20 19:16:14'),
(47, 22, 1799, 2000, 10, '/images/variant_images-1747768573874-774994769.jpg', '3', '2025-05-20 19:16:14', '2025-05-22 02:36:41'),
(48, 23, 1799, 2000, 99, '/images/variant_images-1747768736542-334209110.jpg', '1', '2025-05-20 19:18:56', '2025-05-20 19:18:56'),
(49, 23, 1799, 2000, 99, '/images/variant_images-1747768736543-683331480.jpg', '2', '2025-05-20 19:18:56', '2025-05-20 19:18:56'),
(50, 23, 1799, 2000, 99, '/images/variant_images-1747768736543-55516238.jpg', '3', '2025-05-20 19:18:56', '2025-05-20 19:18:56'),
(51, 24, 1799, 2000, 83, '/images/variant_images-1747836953473-220385128.jpg', '1-9', '2025-05-21 14:15:53', '2025-05-21 15:53:20'),
(52, 24, 1799, 2000, 99, '/images/variant_images-1747836953473-913200805.jpg', '1-10', '2025-05-21 14:15:53', '2025-05-21 14:15:53'),
(53, 24, 1799, 2000, 66, '/images/variant_images-1747836953474-277350854.jpg', '1-11', '2025-05-21 14:15:54', '2025-05-21 14:15:54'),
(54, 24, 1799, 2000, 55, '/images/variant_images-1747836953474-153745000.jpg', '1-12', '2025-05-21 14:15:54', '2025-05-21 14:15:54'),
(55, 24, 1799, 2000, 22, '/images/variant_images-1747836953475-268553513.jpg', '2-13', '2025-05-21 14:15:54', '2025-05-21 14:15:54'),
(56, 24, 1799, 2000, 22, '/images/variant_images-1747836953486-861543148.jpg', '2-14', '2025-05-21 14:15:54', '2025-05-21 14:15:54'),
(57, 24, 1799, 2000, 33, '/images/variant_images-1747836953490-708668849.jpg', '2-15', '2025-05-21 14:15:54', '2025-05-21 14:15:54'),
(58, 24, 1799, 2000, 44, '/images/variant_images-1747836953493-513109197.jpg', '2-16', '2025-05-21 14:15:54', '2025-05-21 14:15:54'),
(59, 24, 1799, 2000, 43, '/images/variant_images-1747836953499-750909085.jpg', '3-17', '2025-05-21 14:15:54', '2025-05-21 14:15:54'),
(60, 24, 1799, 2000, 11, '/images/variant_images-1747836953499-241143882.jpg', '3-18', '2025-05-21 14:15:54', '2025-05-21 14:15:54'),
(61, 24, 1799, 2000, 23, '/images/variant_images-1747836953501-423580238.jpg', '3-19', '2025-05-21 14:15:54', '2025-05-21 14:15:54'),
(62, 24, 1699, 2000, 0, '/images/variant_images-1747836953503-882686697.jpg', '3-20', '2025-05-21 14:15:54', '2025-05-21 14:26:44'),
(63, 25, 1, 1, 0, '/images/variant_images-1747883674590-730890028.jpg', '', '2025-05-22 03:14:34', '2025-05-22 03:33:33');

INSERT INTO `products` (`id`, `name`, `description`, `price`, `stock`, `category_id`, `section_id`, `createdAt`, `updatedAt`) VALUES
(1, 'ÁO SƠ MI RELAXED FIT THÊU HỌA TIẾT', '<div class=\"product-detail-extra-detail__section\" data-observer-key=\"title\">\n<div class=\"structured-component-text-block-title\" style=\"text-align: justify;\"><span class=\"structured-component-text zds-heading-s\">&Aacute;o sơ mi vải cotton, d&aacute;ng relaxed fit. Cổ ve nhọn kho&eacute;t chữ K, cộc tay. C&oacute; một t&uacute;i đ&aacute;p trước ngực. Gấu th&ecirc;u họa tiết kh&aacute;c m&agrave;u. C&agrave;i ph&iacute;a trước bằng h&agrave;ng khuy c&agrave;i.</span></div>\n<div class=\"structured-component-text-block-title\">&nbsp;</div>\n<div class=\"structured-component-text-block-title\"><strong><span class=\"structured-component-text zds-heading-s\"><img style=\"display: block; margin-left: auto; margin-right: auto;\" src=\"https://static.zara.net/assets/public/bd6f/00c3/28a3423bbec1/7ec51bb2a285/06462403606-a4/06462403606-a4.jpg?ts=1746713807879&amp;w=710\" alt=\"&Aacute;O SƠ MI RELAXED FIT TH&Ecirc;U HỌA TIẾT - M&agrave;u đỏ t&iacute;a từ Zara - H&igrave;nh ảnh 5\" width=\"309\" height=\"464\"> &nbsp; <img style=\"display: block; margin-left: auto; margin-right: auto;\" src=\"https://static.zara.net/assets/public/5edd/736a/62d64b628040/8c7b60c6bf89/06462403606-000-a1/06462403606-000-a1.jpg?ts=1747397230875&amp;w=710\" alt=\"&Aacute;O SƠ MI RELAXED FIT TH&Ecirc;U HỌA TIẾT - M&agrave;u đỏ t&iacute;a từ Zara - H&igrave;nh ảnh 2\" width=\"309\" height=\"464\"></span></strong></div>\n<div class=\"structured-component-text-block-title\">&nbsp;</div>\n<div class=\"structured-component-text-block-title\"><strong><span class=\"structured-component-text zds-heading-s\">CHẤT LIỆU, C&Aacute;CH CHĂM S&Oacute;C &amp; NGUỒN GỐC</span></strong></div>\n<div class=\"structured-component-spacer\">&nbsp;</div>\n</div>\n<div class=\"product-detail-extra-detail__section\" data-observer-key=\"materials\">\n<div class=\"structured-component-text-block-subtitle\"><strong><span class=\"structured-component-text zds-heading-s\">CHẤT LIỆU</span></strong></div>\n<div class=\"structured-component-text-block-paragraph\">&nbsp;</div>\n<div class=\"structured-component-spacer\">&nbsp;</div>\n<div class=\"structured-component-text-block-subtitle\"><span class=\"structured-component-text zds-heading-xs\">LỚP NGO&Agrave;I</span></div>\n<div class=\"structured-component-text-block-subtitle\"><span class=\"structured-component-text zds-heading-xs\">VẢI CH&Iacute;NH</span></div>\n<div class=\"structured-component-text-block-paragraph\"><span class=\"structured-component-text zds-body-m\">100% vải cotton</span></div>\n<div class=\"structured-component-text-block-subtitle\"><span class=\"structured-component-text zds-heading-xs\">TH&Ecirc;U</span></div>\n<div class=\"structured-component-text-block-paragraph\"><span class=\"structured-component-text zds-body-m\">100% vải acrylic</span></div>\n<div class=\"structured-component-spacer\">&nbsp;</div>\n</div>\n<div class=\"product-detail-extra-detail__section\" data-observer-key=\"care\">\n<div class=\"structured-component-text-block-subtitle\"><strong><span class=\"structured-component-text zds-heading-s\">CHĂM S&Oacute;C</span></strong></div>\n<div class=\"structured-component-spacer\">&nbsp;</div>\n<div class=\"structured-component-text-block-paragraph\"><span class=\"structured-component-text zds-body-m\">Chăm s&oacute;c đ&uacute;ng c&aacute;ch quần &aacute;o của m&igrave;nh tức l&agrave; bạn đang bảo vệ m&ocirc;i trường</span></div>\n<div class=\"structured-component-spacer\">&nbsp;</div>\n<div class=\"structured-component-text-block-paragraph\"><span class=\"structured-component-text zds-body-m\">Giặt ở nhiệt độ thấp v&agrave; sử dụng c&aacute;c chế độ vắt nhẹ nh&agrave;ng sẽ c&oacute; lợi hơn cho quần &aacute;o, gi&uacute;p duy tr&igrave; m&agrave;u sắc, h&igrave;nh dạng v&agrave; cấu tr&uacute;c của vải. Đồng thời gi&uacute;p l&agrave;m giảm lượng năng lượng ti&ecirc;u thụ trong c&aacute;c qu&aacute; tr&igrave;nh chăm s&oacute;c. <br><br><a class=\" link\" href=\"https://www.zara.com/vn/vi/sustainability-clothing-care-l3129.html?v1=1596204\" target=\"_blank\" rel=\"noopener\"><span class=\"structured-component-text\">Hướng dẫn bảo quản quần &aacute;o</span></a></span></div>\n<div class=\"structured-component-spacer\">&nbsp;</div>\n<ul class=\"structured-component-icon-list\">\n<li class=\"structured-component-icon-list__item\"><span class=\"structured-component-text zds-body-m\">Giặt m&aacute;y ở nhiệt độ tối đa 30&ordm;C, vắt ở tốc độ thấp</span></li>\n<li class=\"structured-component-icon-list__item\"><span class=\"structured-component-text zds-body-m\">Kh&ocirc;ng sử dụng nước tẩy / thuốc tẩy</span></li>\n<li class=\"structured-component-icon-list__item\"><span class=\"structured-component-text zds-body-m\">Giặt ở nhiệt độ tối đa 110&ordm;C&nbsp;</span></li>\n<li class=\"structured-component-icon-list__item\"><span class=\"structured-component-text zds-body-m\">Kh&ocirc;ng giặt kh&ocirc;</span></li>\n<li class=\"structured-component-icon-list__item\"><span class=\"structured-component-text zds-body-m\">Kh&ocirc;ng sử dụng m&aacute;y sấy</span></li>\n<li class=\"structured-component-icon-list__item\"><span class=\"structured-component-text zds-body-m\">Lộn tr&aacute;i khi giặt</span></li>\n<li class=\"structured-component-icon-list__item\"><span class=\"structured-component-text zds-body-m\">Lộn tr&aacute;i khi l&agrave; ủi</span></li>\n</ul>\n<div class=\"structured-component-spacer\">&nbsp;</div>\n</div>\n<div class=\"product-detail-extra-detail__section\" data-observer-key=\"origin\">\n<div class=\"structured-component-text-block-subtitle\"><strong><span class=\"structured-component-text zds-heading-s\">NGUỒN GỐC</span></strong></div>\n<div class=\"structured-component-spacer\">&nbsp;</div>\n<div class=\"structured-component-text-block-paragraph\"><span class=\"structured-component-text zds-body-m\">Ch&uacute;ng t&ocirc;i c&oacute; c&aacute;c y&ecirc;u cầu truy xuất nguồn gốc để nắm r&otilde; chuỗi cung ứng trong qu&aacute; tr&igrave;nh sản xuất của m&igrave;nh. Ch&uacute;ng t&ocirc;i y&ecirc;u cầu c&aacute;c nh&agrave; cung cấp cung cấp th&ocirc;ng tin của tất cả c&aacute;c cơ sở tham gia v&agrave;o quy tr&igrave;nh sản xuất, từ c&aacute;c cơ sở sản xuất sợi chỉ hay sợi vải th&ocirc; (t&ugrave;y trường hợp) đến c&aacute;c cơ sở sản xuất sản phẩm cuối c&ugrave;ng cho mỗi đơn h&agrave;ng. Điều n&agrave;y &aacute;p dụng cho cả c&aacute;c nh&agrave; m&aacute;y nội bộ lẫn b&ecirc;n ngo&agrave;i, cũng như cho tất cả c&aacute;c b&ecirc;n trung gian tham gia v&agrave;o từng quy tr&igrave;nh.</span></div>\n<div class=\"structured-component-spacer\">&nbsp;</div>\n<div class=\"structured-component-text-block-paragraph\"><span class=\"structured-component-text zds-body-m\">Sản xuất tại Bangladesh</span></div>\n</div>', 1599, 155, 1, 1, '2025-05-20 15:02:45', '2025-05-21 16:01:14');
INSERT INTO `products` (`id`, `name`, `description`, `price`, `stock`, `category_id`, `section_id`, `createdAt`, `updatedAt`) VALUES
(2, 'ÁO SƠ MI 100% VẢI LINEN CỔ POLO', '<p style=\"text-align: justify;\">&Aacute;o sơ mi vải linen nhẹ, d&aacute;ng regular fit. Cổ ve lật xẻ ph&iacute;a trước, cộc tay. C&oacute; một t&uacute;i đ&aacute;p trước ngực. Gấu xẻ hai b&ecirc;n.</p>\n<p><img style=\"float: left;\" src=\"https://static.zara.net/assets/public/c929/987a/b5f4479ca441/a49e34b2a724/04678158811-a2/04678158811-a2.jpg?ts=1747229340212&amp;w=710\" alt=\"&Aacute;O SƠ MI 100% VẢI LINEN CỔ POLO - M&agrave;u x&aacute;m nhạt từ Zara - H&igrave;nh ảnh 2\" width=\"350\"><img style=\"display: block; margin-left: auto; margin-right: auto;\" src=\"https://static.zara.net/assets/public/17fb/8b45/3c6c41e69ff6/32ceafd4d113/04678158811-a3/04678158811-a3.jpg?ts=1747229340153&amp;w=1920\" alt=\"&Aacute;O SƠ MI 100% VẢI LINEN CỔ POLO - \" width=\"350\"></p>\n<div class=\"product-detail-extra-detail__section\" data-observer-key=\"title\">\n<div class=\"structured-component-text-block-title\"><strong><span class=\"structured-component-text zds-heading-s\">CHẤT LIỆU, C&Aacute;CH CHĂM S&Oacute;C &amp; NGUỒN GỐC</span></strong></div>\n<div class=\"structured-component-spacer\">&nbsp;</div>\n</div>\n<div class=\"product-detail-extra-detail__section\" data-observer-key=\"materials\">\n<div class=\"structured-component-text-block-subtitle\"><strong><span class=\"structured-component-text zds-heading-s\">CHẤT LIỆU</span></strong></div>\n<div class=\"structured-component-text-block-paragraph\">&nbsp;</div>\n<div class=\"structured-component-spacer\">&nbsp;</div>\n<div class=\"structured-component-text-block-subtitle\"><strong><span class=\"structured-component-text zds-heading-xs\">LỚP NGO&Agrave;I</span></strong></div>\n<div class=\"structured-component-text-block-paragraph\"><span class=\"structured-component-text zds-body-m\">100% vải lanh</span></div>\n<div class=\"structured-component-spacer\">&nbsp;</div>\n</div>\n<div class=\"product-detail-extra-detail__section\" data-observer-key=\"recycledMaterials\">\n<div class=\"structured-component-text-block-paragraph\"><span class=\"structured-component-text zds-body-m\">C&oacute; &iacute;t nhất:</span></div>\n<div class=\"structured-component-spacer\">&nbsp;</div>\n<div class=\"structured-component-text-block-subtitle\"><strong><span class=\"structured-component-text zds-heading-xs\">LỚP NGO&Agrave;I</span></strong></div>\n<div class=\"structured-component-text-block-paragraph\"><span class=\"structured-component-text zds-body-m\">100% sợi linen ch&acirc;u &Acirc;u được chứng nhận</span></div>\n<div class=\"structured-component-spacer\">&nbsp;</div>\n</div>\n<div class=\"product-detail-extra-detail__section\" data-observer-key=\"certifiedMaterials\">\n<div class=\"structured-component-text-block-subtitle\"><strong><span class=\"structured-component-text zds-heading-s\">NGUY&Ecirc;N LIỆU ĐƯỢC CHỨNG NHẬN</span></strong></div>\n<div class=\"structured-component-spacer\">&nbsp;</div>\n<div class=\"structured-component-text-block-subtitle\"><strong><span class=\"structured-component-text zds-heading-xs\">SỢI LINEN CH&Acirc;U &Acirc;U ĐƯỢC CHỨNG NHẬN</span></strong></div>\n<div class=\"structured-component-text-block-paragraph\"><span class=\"structured-component-text zds-body-m\">C&acirc;y lanh ở ch&acirc;u &Acirc;u được gieo trồng m&agrave; kh&ocirc;ng sử dụng c&aacute;c hạt giống biến đổi gen v&agrave; hạn chế sử dụng thuốc trừ s&acirc;u v&agrave; ph&acirc;n b&oacute;n. Sản xuất tại T&acirc;y &Acirc;u, với to&agrave;n bộ chuỗi gi&aacute; trị được theo d&otilde;i để đảm bảo tu&acirc;n thủ ti&ecirc;u chuẩn EUROPEAN FLAX&trade; của Li&ecirc;n minh Sợi Linen v&agrave; Sợi Gai dầu ch&acirc;u &Acirc;u (<em>Alliance for European Flax-Linen and Hemp</em>).</span></div>\n<div class=\"structured-component-spacer\">&nbsp;</div>\n</div>\n<div class=\"product-detail-extra-detail__section\" data-observer-key=\"care\">\n<div class=\"structured-component-text-block-subtitle\"><strong><span class=\"structured-component-text zds-heading-s\">CHĂM S&Oacute;C</span></strong></div>\n<div class=\"structured-component-spacer\">&nbsp;</div>\n<div class=\"structured-component-text-block-paragraph\"><span class=\"structured-component-text zds-body-m\">Chăm s&oacute;c đ&uacute;ng c&aacute;ch quần &aacute;o của m&igrave;nh tức l&agrave; bạn đang bảo vệ m&ocirc;i trường</span></div>\n<div class=\"structured-component-spacer\">&nbsp;</div>\n<div class=\"structured-component-text-block-paragraph\"><span class=\"structured-component-text zds-body-m\">Giặt ở nhiệt độ thấp v&agrave; sử dụng c&aacute;c chế độ vắt nhẹ nh&agrave;ng sẽ c&oacute; lợi hơn cho quần &aacute;o, gi&uacute;p duy tr&igrave; m&agrave;u sắc, h&igrave;nh dạng v&agrave; cấu tr&uacute;c của vải. Đồng thời gi&uacute;p l&agrave;m giảm lượng năng lượng ti&ecirc;u thụ trong c&aacute;c qu&aacute; tr&igrave;nh chăm s&oacute;c. <br><br><a class=\" link\" href=\"https://www.zara.com/vn/vi/sustainability-clothing-care-l3129.html?v1=1596204\" target=\"_blank\" rel=\"noopener\"><span class=\"structured-component-text\">Hướng dẫn bảo quản quần &aacute;o</span></a></span></div>\n<div class=\"structured-component-spacer\">&nbsp;</div>\n<ul class=\"structured-component-icon-list\">\n<li class=\"structured-component-icon-list__item\"><img class=\"structured-component-icon-list__item-icon\" src=\"https://static.zara.net//assets/public/fad0/fd6f/680d44ddbf3b/623a3e540eb1/iconos_mendue-7.svg?ts=1730714831474\" alt=\"\"><span class=\"structured-component-text zds-body-m\">Giặt m&aacute;y ở nhiệt độ tối đa 30&ordm;C, vắt ở tốc độ thấp</span></li>\n<li class=\"structured-component-icon-list__item\"><img class=\"structured-component-icon-list__item-icon\" src=\"https://static.zara.net//assets/public/fad0/fd6f/680d44ddbf3b/623a3e540eb1/iconos_mendue-14.svg?ts=1730714831474\" alt=\"\"><span class=\"structured-component-text zds-body-m\">Kh&ocirc;ng sử dụng nước tẩy / thuốc tẩy</span></li>\n<li class=\"structured-component-icon-list__item\"><img class=\"structured-component-icon-list__item-icon\" src=\"https://static.zara.net//assets/public/fad0/fd6f/680d44ddbf3b/623a3e540eb1/iconos_mendue-18.svg?ts=1730714831474\" alt=\"\"><span class=\"structured-component-text zds-body-m\">Giặt ở nhiệt độ tối đa 110&ordm;C </span></li>\n<li class=\"structured-component-icon-list__item\"><img class=\"structured-component-icon-list__item-icon\" src=\"https://static.zara.net//assets/public/fad0/fd6f/680d44ddbf3b/623a3e540eb1/iconos_mendue-26.svg?ts=1730714831474\" alt=\"\"><span class=\"structured-component-text zds-body-m\">Giặt kh&ocirc; với tetrachloroethylene</span></li>\n<li class=\"structured-component-icon-list__item\"><img class=\"structured-component-icon-list__item-icon\" src=\"https://static.zara.net//assets/public/fad0/fd6f/680d44ddbf3b/623a3e540eb1/iconos_mendue-35.svg?ts=1730714831474\" alt=\"\"><span class=\"structured-component-text zds-body-m\">Kh&ocirc;ng sử dụng m&aacute;y sấy</span></li>\n</ul>\n<div class=\"structured-component-spacer\">&nbsp;</div>\n</div>\n<div class=\"product-detail-extra-detail__section\" data-observer-key=\"origin\">\n<div class=\"structured-component-text-block-subtitle\"><strong><span class=\"structured-component-text zds-heading-s\">NGUỒN GỐC</span></strong></div>\n<div class=\"structured-component-spacer\">&nbsp;</div>\n<div class=\"structured-component-text-block-paragraph\"><span class=\"structured-component-text zds-body-m\">Ch&uacute;ng t&ocirc;i c&oacute; c&aacute;c y&ecirc;u cầu truy xuất nguồn gốc để nắm r&otilde; chuỗi cung ứng trong qu&aacute; tr&igrave;nh sản xuất của m&igrave;nh. Ch&uacute;ng t&ocirc;i y&ecirc;u cầu c&aacute;c nh&agrave; cung cấp cung cấp th&ocirc;ng tin của tất cả c&aacute;c cơ sở tham gia v&agrave;o quy tr&igrave;nh sản xuất, từ c&aacute;c cơ sở sản xuất sợi chỉ hay sợi vải th&ocirc; (t&ugrave;y trường hợp) đến c&aacute;c cơ sở sản xuất sản phẩm cuối c&ugrave;ng cho mỗi đơn h&agrave;ng. Điều n&agrave;y &aacute;p dụng cho cả c&aacute;c nh&agrave; m&aacute;y nội bộ lẫn b&ecirc;n ngo&agrave;i, cũng như cho tất cả c&aacute;c b&ecirc;n trung gian tham gia v&agrave;o từng quy tr&igrave;nh.</span></div>\n<div class=\"structured-component-spacer\">&nbsp;</div>\n<div class=\"structured-component-text-block-paragraph\"><span class=\"structured-component-text zds-body-m\">Sản xuất tại Maroc</span></div>\n</div>', 1599, 165, 1, 1, '2025-05-20 15:10:26', '2025-05-20 15:10:26');
INSERT INTO `products` (`id`, `name`, `description`, `price`, `stock`, `category_id`, `section_id`, `createdAt`, `updatedAt`) VALUES
(3, 'ÁO SƠ MI VẢI RŨ HỌA TIẾT KẺ', '<div class=\"product-detail-info__header\">\n<div class=\"product-detail-info__header-content\" style=\"text-align: justify;\">\n<h1 class=\"product-detail-info__header-name\" data-qa-qualifier=\"product-detail-info-name\">&Aacute;O SƠ MI VẢI RŨ HỌA TIẾT KẺ</h1>\n<button class=\"wishlist-bookmark product-detail-info__header-add-to-wishlist add-item-to-wishlist-button\" type=\"button\" aria-label=\"Th&ecirc;m sản phẩm v&agrave;o danh s&aacute;ch mong muốn\" data-qa-action=\"add-to-wishlist\"></button></div>\n</div>\n<div class=\"product-detail-info__price\">\n<div class=\"product-detail-info__price-amount price\">\n<div class=\"money-amount price-formatted__price-amount\" style=\"text-align: justify;\">&Aacute;o sơ mi vải rũ pha sợi modal, d&aacute;ng relaxed fit. Cổ ve nhọn kho&eacute;t chữ K, d&agrave;i tay, cổ tay bo v&agrave; c&agrave;i khuy. C&oacute; hai t&uacute;i đ&aacute;p c&oacute; nắp trước ngực. Gấu xẻ hai b&ecirc;n. C&agrave;i ph&iacute;a trước bằng h&agrave;ng khuy c&agrave;i.</div>\n<div class=\"money-amount price-formatted__price-amount\" style=\"text-align: justify;\">&nbsp;</div>\n<div class=\"money-amount price-formatted__price-amount\"><img style=\"float: left;\" src=\"https://static.zara.net/assets/public/a030/57e5/94a34255aabf/3da96bf51fe6/05679259807-a2/05679259807-a2.jpg?ts=1747229363653&amp;w=710\" alt=\"&Aacute;O SƠ MI VẢI RŨ HỌA TIẾT KẺ - M&agrave;u x&aacute;m than từ Zara - H&igrave;nh ảnh 2\" width=\"350\"><img style=\"display: block; margin-left: auto; margin-right: auto;\" src=\"https://static.zara.net/assets/public/ca26/ae68/f87b4e2fa693/6c922726c92d/05679259807-a3/05679259807-a3.jpg?ts=1747229363821&amp;w=710\" alt=\"&Aacute;O SƠ MI VẢI RŨ HỌA TIẾT KẺ - M&agrave;u x&aacute;m than từ Zara - H&igrave;nh ảnh 3\" width=\"350\"></div>\n<div class=\"money-amount price-formatted__price-amount\">&nbsp;</div>\n<div class=\"money-amount price-formatted__price-amount\">\n<div class=\"product-detail-extra-detail__section\" data-observer-key=\"title\">\n<div class=\"structured-component-text-block-title\">&nbsp;</div>\n<div class=\"structured-component-text-block-title\"><strong><span class=\"structured-component-text zds-heading-s\">CHẤT LIỆU, C&Aacute;CH CHĂM S&Oacute;C &amp; NGUỒN GỐC</span></strong></div>\n<div class=\"structured-component-spacer\">&nbsp;</div>\n</div>\n<div class=\"product-detail-extra-detail__section\" data-observer-key=\"materials\">\n<div class=\"structured-component-text-block-subtitle\"><strong><span class=\"structured-component-text zds-heading-s\">CHẤT LIỆU</span></strong></div>\n<div class=\"structured-component-text-block-paragraph\">&nbsp;</div>\n<div class=\"structured-component-spacer\">&nbsp;</div>\n<div class=\"structured-component-text-block-subtitle\"><strong><span class=\"structured-component-text zds-heading-xs\">LỚP NGO&Agrave;I</span></strong></div>\n<div class=\"structured-component-text-block-paragraph\"><span class=\"structured-component-text zds-body-m\">77% mốt<br>14% vải p&ocirc;liexte<br>9% vải cotton</span></div>\n<div class=\"structured-component-spacer\">&nbsp;</div>\n</div>\n<div class=\"product-detail-extra-detail__section\" data-observer-key=\"care\">\n<div class=\"structured-component-text-block-subtitle\"><strong><span class=\"structured-component-text zds-heading-s\">CHĂM S&Oacute;C</span></strong></div>\n<div class=\"structured-component-spacer\">&nbsp;</div>\n<div class=\"structured-component-text-block-paragraph\"><span class=\"structured-component-text zds-body-m\">Chăm s&oacute;c đ&uacute;ng c&aacute;ch quần &aacute;o của m&igrave;nh tức l&agrave; bạn đang bảo vệ m&ocirc;i trường</span></div>\n<div class=\"structured-component-spacer\">&nbsp;</div>\n<div class=\"structured-component-text-block-paragraph\"><span class=\"structured-component-text zds-body-m\">Giặt ở nhiệt độ thấp v&agrave; sử dụng c&aacute;c chế độ vắt nhẹ nh&agrave;ng sẽ c&oacute; lợi hơn cho quần &aacute;o, gi&uacute;p duy tr&igrave; m&agrave;u sắc, h&igrave;nh dạng v&agrave; cấu tr&uacute;c của vải. Đồng thời gi&uacute;p l&agrave;m giảm lượng năng lượng ti&ecirc;u thụ trong c&aacute;c qu&aacute; tr&igrave;nh chăm s&oacute;c. <br><br><a class=\" link\" href=\"https://www.zara.com/vn/vi/sustainability-clothing-care-l3129.html?v1=1596204\" target=\"_blank\" rel=\"noopener\"><span class=\"structured-component-text\">Hướng dẫn bảo quản quần &aacute;o</span></a></span></div>\n<div class=\"structured-component-spacer\">&nbsp;</div>\n<ul class=\"structured-component-icon-list\">\n<li class=\"structured-component-icon-list__item\"><img class=\"structured-component-icon-list__item-icon\" src=\"https://static.zara.net//assets/public/fad0/fd6f/680d44ddbf3b/623a3e540eb1/iconos_mendue-7.svg?ts=1730714831474\" alt=\"\"><span class=\"structured-component-text zds-body-m\">Giặt m&aacute;y ở nhiệt độ tối đa 30&ordm;C, vắt ở tốc độ thấp</span></li>\n<li class=\"structured-component-icon-list__item\"><img class=\"structured-component-icon-list__item-icon\" src=\"https://static.zara.net//assets/public/fad0/fd6f/680d44ddbf3b/623a3e540eb1/iconos_mendue-14.svg?ts=1730714831474\" alt=\"\"><span class=\"structured-component-text zds-body-m\">Kh&ocirc;ng sử dụng nước tẩy / thuốc tẩy</span></li>\n<li class=\"structured-component-icon-list__item\"><img class=\"structured-component-icon-list__item-icon\" src=\"https://static.zara.net//assets/public/fad0/fd6f/680d44ddbf3b/623a3e540eb1/iconos_mendue-18.svg?ts=1730714831474\" alt=\"\"><span class=\"structured-component-text zds-body-m\">Giặt ở nhiệt độ tối đa 110&ordm;C </span></li>\n<li class=\"structured-component-icon-list__item\"><img class=\"structured-component-icon-list__item-icon\" src=\"https://static.zara.net//assets/public/fad0/fd6f/680d44ddbf3b/623a3e540eb1/iconos_mendue-26.svg?ts=1730714831474\" alt=\"\"><span class=\"structured-component-text zds-body-m\">Giặt kh&ocirc; với tetrachloroethylene</span></li>\n<li class=\"structured-component-icon-list__item\"><img class=\"structured-component-icon-list__item-icon\" src=\"https://static.zara.net//assets/public/fad0/fd6f/680d44ddbf3b/623a3e540eb1/iconos_mendue-35.svg?ts=1730714831474\" alt=\"\"><span class=\"structured-component-text zds-body-m\">Kh&ocirc;ng sử dụng m&aacute;y sấy</span></li>\n</ul>\n<div class=\"structured-component-spacer\">&nbsp;</div>\n</div>\n<div class=\"product-detail-extra-detail__section\" data-observer-key=\"origin\">\n<div class=\"structured-component-text-block-subtitle\"><strong><span class=\"structured-component-text zds-heading-s\">NGUỒN GỐC</span></strong></div>\n<div class=\"structured-component-spacer\">&nbsp;</div>\n<div class=\"structured-component-text-block-paragraph\"><span class=\"structured-component-text zds-body-m\">Ch&uacute;ng t&ocirc;i c&oacute; c&aacute;c y&ecirc;u cầu truy xuất nguồn gốc để nắm r&otilde; chuỗi cung ứng trong qu&aacute; tr&igrave;nh sản xuất của m&igrave;nh. Ch&uacute;ng t&ocirc;i y&ecirc;u cầu c&aacute;c nh&agrave; cung cấp cung cấp th&ocirc;ng tin của tất cả c&aacute;c cơ sở tham gia v&agrave;o quy tr&igrave;nh sản xuất, từ c&aacute;c cơ sở sản xuất sợi chỉ hay sợi vải th&ocirc; (t&ugrave;y trường hợp) đến c&aacute;c cơ sở sản xuất sản phẩm cuối c&ugrave;ng cho mỗi đơn h&agrave;ng. Điều n&agrave;y &aacute;p dụng cho cả c&aacute;c nh&agrave; m&aacute;y nội bộ lẫn b&ecirc;n ngo&agrave;i, cũng như cho tất cả c&aacute;c b&ecirc;n trung gian tham gia v&agrave;o từng quy tr&igrave;nh.</span></div>\n<div class=\"structured-component-spacer\">&nbsp;</div>\n<div class=\"structured-component-text-block-paragraph\"><span class=\"structured-component-text zds-body-m\">Sản xuất tại Bồ Đ&agrave;o Nha</span></div>\n</div>\n</div>\n</div>\n</div>', 1399, 142, 1, 1, '2025-05-20 15:18:03', '2025-05-20 15:18:03');
INSERT INTO `products` (`id`, `name`, `description`, `price`, `stock`, `category_id`, `section_id`, `createdAt`, `updatedAt`) VALUES
(4, 'ÁO SƠ MI THÊU HỌA TIẾT KHÁC MÀU', '<h1 class=\"product-detail-info__header-name\" data-qa-qualifier=\"product-detail-info-name\">&Aacute;O SƠ MI TH&Ecirc;U HỌA TIẾT KH&Aacute;C M&Agrave;U</h1>\n<p style=\"text-align: justify;\">&Aacute;o sơ mi vải cotton, d&aacute;ng relaxed fit. Cổ ve lật, cộc tay. To&agrave;n th&acirc;n th&ecirc;u họa tiết kh&aacute;c m&agrave;u. C&agrave;i ph&iacute;a trước bằng h&agrave;ng khuy c&agrave;i.</p>\n<p style=\"text-align: justify;\">&nbsp;</p>\n<p><img style=\"float: left;\" src=\"https://static.zara.net/assets/public/8bd1/9adb/7fbb4814bd81/9d2879851bd7/00794105016-a2/00794105016-a2.jpg?ts=1747395843220&amp;w=710\" alt=\"&Aacute;O SƠ MI TH&Ecirc;U HỌA TIẾT KH&Aacute;C M&Agrave;U - m&agrave;u trắng từ Zara - H&igrave;nh ảnh 2\" width=\"350\"><img style=\"display: block; margin-left: auto; margin-right: auto;\" src=\"https://static.zara.net/assets/public/f5cf/3bbd/26dd417da673/4cc6c2397965/00794105016-a3/00794105016-a3.jpg?ts=1747395842758&amp;w=710\" alt=\"&Aacute;O SƠ MI TH&Ecirc;U HỌA TIẾT KH&Aacute;C M&Agrave;U - m&agrave;u trắng từ Zara - H&igrave;nh ảnh 3\" width=\"350\"></p>\n<p>&nbsp;</p>\n<div class=\"product-detail-extra-detail__section\" data-observer-key=\"title\">\n<div class=\"structured-component-text-block-title\"><strong><span class=\"structured-component-text zds-heading-s\">CHẤT LIỆU, C&Aacute;CH CHĂM S&Oacute;C &amp; NGUỒN GỐC</span></strong></div>\n<div class=\"structured-component-spacer\">&nbsp;</div>\n</div>\n<div class=\"product-detail-extra-detail__section\" data-observer-key=\"materials\">\n<div class=\"structured-component-text-block-subtitle\"><strong><span class=\"structured-component-text zds-heading-s\">CHẤT LIỆU</span></strong></div>\n<div class=\"structured-component-text-block-paragraph\">&nbsp;</div>\n<div class=\"structured-component-spacer\">&nbsp;</div>\n<div class=\"structured-component-text-block-subtitle\"><strong><span class=\"structured-component-text zds-heading-xs\">LỚP NGO&Agrave;I</span></strong></div>\n<div class=\"structured-component-text-block-paragraph\"><span class=\"structured-component-text zds-body-m\">100% vải cotton</span></div>\n<div class=\"structured-component-spacer\">&nbsp;</div>\n</div>\n<div class=\"product-detail-extra-detail__section\" data-observer-key=\"recycledMaterials\">\n<div class=\"structured-component-text-block-paragraph\"><span class=\"structured-component-text zds-body-m\">C&oacute; &iacute;t nhất:</span></div>\n<div class=\"structured-component-spacer\">&nbsp;</div>\n<div class=\"structured-component-text-block-subtitle\"><strong><span class=\"structured-component-text zds-heading-xs\">LỚP NGO&Agrave;I</span></strong></div>\n<div class=\"structured-component-text-block-paragraph\"><span class=\"structured-component-text zds-body-m\">100% b&ocirc;ng canh t&aacute;c hữu cơ đạt ti&ecirc;u chuẩn OCS</span></div>\n<div class=\"structured-component-spacer\">&nbsp;</div>\n</div>\n<div class=\"product-detail-extra-detail__section\" data-observer-key=\"certifiedMaterials\">\n<div class=\"structured-component-text-block-subtitle\"><strong><span class=\"structured-component-text zds-heading-s\">NGUY&Ecirc;N LIỆU ĐƯỢC CHỨNG NHẬN</span></strong></div>\n<div class=\"structured-component-spacer\">&nbsp;</div>\n<div class=\"structured-component-text-block-subtitle\"><span class=\"structured-component-text zds-heading-xs\">B&Ocirc;NG CANH T&Aacute;C HỮU CƠ ĐẠT TI&Ecirc;U CHUẨN OCS</span></div>\n<div class=\"structured-component-text-block-paragraph\"><span class=\"structured-component-text zds-body-m\">Loại sợi n&agrave;y được sản xuất từ c&aacute;c c&acirc;y trồng được canh t&aacute;c bằng c&aacute;ch kh&ocirc;ng sử dụng ph&acirc;n b&oacute;n cũng như thuốc trừ s&acirc;u v&ocirc; cơ, v&agrave; được trồng từ c&aacute;c hạt giống kh&ocirc;ng biến đổi gen. Hiện nay ch&uacute;ng t&ocirc;i đang &aacute;p dụng ti&ecirc;u chuẩn Organic Content Standard (OCS), với ti&ecirc;u chuẩn n&agrave;y ch&uacute;ng t&ocirc;i gi&aacute;m s&aacute;t quy tr&igrave;nh sản xuất, từ kh&acirc;u nguy&ecirc;n liệu đầu v&agrave;o cho tới sản phẩm cuối c&ugrave;ng.</span></div>\n<div class=\"structured-component-spacer\">&nbsp;</div>\n<div class=\"structured-component-text-block-paragraph\"><strong><span class=\"structured-component-text zds-body-m\">Chứng nhận bởi Intertek 193341</span></strong></div>\n</div>', 1799, 186, 1, 1, '2025-05-20 15:21:31', '2025-05-20 15:21:31'),
(5, 'ÁO SƠ MI THÊU HỌA TIẾT MÀU ĐEN', '<h1>&Aacute;O SƠ MI TH&Ecirc;U HỌA TIẾT M&Agrave;U ĐEN</h1>\n<p>&nbsp;</p>\n<p><img style=\"float: left;\" src=\"https://static.zara.net/assets/public/1526/9391/7dfb40ef85e8/25d0aa07960d/07036411064-a1/07036411064-a1.jpg?ts=1747325014787&amp;w=710\" alt=\"&Aacute;O SƠ MI TH&Ecirc;U HỌA TIẾT KH&Aacute;C M&Agrave;U - M&agrave;u đen/Trắng từ Zara - H&igrave;nh ảnh 2\" width=\"350\"><img style=\"display: block; margin-left: auto; margin-right: auto;\" src=\"https://static.zara.net/assets/public/d821/7e22/4e4043f9bc3a/076636f9883c/07036411064-a2/07036411064-a2.jpg?ts=1747325015230&amp;w=710\" alt=\"&Aacute;O SƠ MI TH&Ecirc;U HỌA TIẾT KH&Aacute;C M&Agrave;U - M&agrave;u đen/Trắng từ Zara - H&igrave;nh ảnh 3\" width=\"350\"></p>\n<p>&nbsp;</p>\n<div class=\"product-detail-extra-detail__section\" data-observer-key=\"title\">\n<div class=\"structured-component-text-block-title\"><strong><span class=\"structured-component-text zds-heading-s\">CHẤT LIỆU, C&Aacute;CH CHĂM S&Oacute;C &amp; NGUỒN GỐC</span></strong></div>\n<div class=\"structured-component-spacer\">&nbsp;</div>\n</div>\n<div class=\"product-detail-extra-detail__section\" data-observer-key=\"materials\">\n<div class=\"structured-component-text-block-subtitle\"><strong><span class=\"structured-component-text zds-heading-s\">CHẤT LIỆU</span></strong></div>\n<div class=\"structured-component-text-block-paragraph\">&nbsp;</div>\n<div class=\"structured-component-spacer\">&nbsp;</div>\n<div class=\"structured-component-text-block-subtitle\"><strong><span class=\"structured-component-text zds-heading-xs\">LỚP NGO&Agrave;I</span></strong></div>\n<div class=\"structured-component-text-block-paragraph\"><span class=\"structured-component-text zds-body-m\">100% vải cotton</span></div>\n<div class=\"structured-component-spacer\">&nbsp;</div>\n</div>\n<div class=\"product-detail-extra-detail__section\" data-observer-key=\"recycledMaterials\">\n<div class=\"structured-component-text-block-paragraph\"><span class=\"structured-component-text zds-body-m\">C&oacute; &iacute;t nhất:</span></div>\n<div class=\"structured-component-spacer\">&nbsp;</div>\n<div class=\"structured-component-text-block-subtitle\"><strong><span class=\"structured-component-text zds-heading-xs\">LỚP NGO&Agrave;I</span></strong></div>\n<div class=\"structured-component-text-block-paragraph\"><span class=\"structured-component-text zds-body-m\">100% b&ocirc;ng canh t&aacute;c hữu cơ đạt ti&ecirc;u chuẩn OCS</span></div>\n<div class=\"structured-component-spacer\">&nbsp;</div>\n</div>\n<div class=\"product-detail-extra-detail__section\" data-observer-key=\"certifiedMaterials\">\n<div class=\"structured-component-text-block-subtitle\"><strong><span class=\"structured-component-text zds-heading-s\">NGUY&Ecirc;N LIỆU ĐƯỢC CHỨNG NHẬN</span></strong></div>\n<div class=\"structured-component-spacer\">&nbsp;</div>\n<div class=\"structured-component-text-block-subtitle\"><strong><span class=\"structured-component-text zds-heading-xs\">B&Ocirc;NG CANH T&Aacute;C HỮU CƠ ĐẠT TI&Ecirc;U CHUẨN OCS</span></strong></div>\n<div class=\"structured-component-text-block-paragraph\"><span class=\"structured-component-text zds-body-m\">Loại sợi n&agrave;y được sản xuất từ c&aacute;c c&acirc;y trồng được canh t&aacute;c bằng c&aacute;ch kh&ocirc;ng sử dụng ph&acirc;n b&oacute;n cũng như thuốc trừ s&acirc;u v&ocirc; cơ, v&agrave; được trồng từ c&aacute;c hạt giống kh&ocirc;ng biến đổi gen. Hiện nay ch&uacute;ng t&ocirc;i đang &aacute;p dụng ti&ecirc;u chuẩn Organic Content Standard (OCS), với ti&ecirc;u chuẩn n&agrave;y ch&uacute;ng t&ocirc;i gi&aacute;m s&aacute;t quy tr&igrave;nh sản xuất, từ kh&acirc;u nguy&ecirc;n liệu đầu v&agrave;o cho tới sản phẩm cuối c&ugrave;ng.</span></div>\n<div class=\"structured-component-spacer\">&nbsp;</div>\n<div class=\"structured-component-text-block-paragraph\"><strong><span class=\"structured-component-text zds-body-m\">Chứng nhận bởi Intertek 193341</span></strong></div>\n</div>', 1899, 156, 1, 1, '2025-05-20 15:28:48', '2025-05-20 15:28:48'),
(6, 'ÁO SƠ MI DÁNG RELAXED FIT IN HỌA TIẾT HÌNH HỌC', '<h1 class=\"product-detail-info__header-name\" data-qa-qualifier=\"product-detail-info-name\">&Aacute;O SƠ MI D&Aacute;NG RELAXED FIT IN HỌA TIẾT H&Igrave;NH HỌC</h1>\n<p>&Aacute;o sơ mi vải cotton nhẹ, d&aacute;ng relaxed fit. Cổ ve lật, cộc tay. C&agrave;i khuy ph&iacute;a trước.</p>\n<p>&nbsp;</p>\n<p><img style=\"float: left;\" src=\"https://static.zara.net/assets/public/893c/c6d6/92874f6882b0/2ac366fb6ff1/06085428330-a2/06085428330-a2.jpg?ts=1747302263012&amp;w=710\" alt=\"&Aacute;O SƠ MI D&Aacute;NG RELAXED FIT IN HỌA TIẾT H&Igrave;NH HỌC - Nhiều m&agrave;u từ Zara - H&igrave;nh ảnh 2\" width=\"350\"><img style=\"display: block; margin-left: auto; margin-right: auto;\" src=\"https://static.zara.net/assets/public/b81f/f196/d64342538df4/d6b6afc4355f/06085428330-a3/06085428330-a3.jpg?ts=1747302262671&amp;w=710\" alt=\"&Aacute;O SƠ MI D&Aacute;NG RELAXED FIT IN HỌA TIẾT H&Igrave;NH HỌC - Nhiều m&agrave;u từ Zara - H&igrave;nh ảnh 3\" width=\"350\"></p>\n<p>&nbsp;</p>\n<div class=\"product-detail-extra-detail__section\" data-observer-key=\"title\">\n<div class=\"structured-component-text-block-title\"><strong><span class=\"structured-component-text zds-heading-s\">CHẤT LIỆU, C&Aacute;CH CHĂM S&Oacute;C &amp; NGUỒN GỐC</span></strong></div>\n<div class=\"structured-component-spacer\">&nbsp;</div>\n</div>\n<div class=\"product-detail-extra-detail__section\" data-observer-key=\"materials\">\n<div class=\"structured-component-text-block-subtitle\"><strong><span class=\"structured-component-text zds-heading-s\">CHẤT LIỆU</span></strong></div>\n<div class=\"structured-component-text-block-paragraph\">&nbsp;</div>\n<div class=\"structured-component-spacer\">&nbsp;</div>\n<div class=\"structured-component-text-block-subtitle\"><strong><span class=\"structured-component-text zds-heading-xs\">LỚP NGO&Agrave;I</span></strong></div>\n<div class=\"structured-component-text-block-paragraph\"><span class=\"structured-component-text zds-body-m\">100% vải cotton</span></div>\n<div class=\"structured-component-spacer\">&nbsp;</div>\n</div>\n<div class=\"product-detail-extra-detail__section\" data-observer-key=\"recycledMaterials\">\n<div class=\"structured-component-text-block-paragraph\"><span class=\"structured-component-text zds-body-m\">C&oacute; &iacute;t nhất:</span></div>\n<div class=\"structured-component-spacer\">&nbsp;</div>\n<div class=\"structured-component-text-block-subtitle\"><strong><span class=\"structured-component-text zds-heading-xs\">LỚP NGO&Agrave;I</span></strong></div>\n<div class=\"structured-component-text-block-paragraph\"><span class=\"structured-component-text zds-body-m\">100% b&ocirc;ng t&aacute;i chế đạt chứng nhận RCS</span></div>\n<div class=\"structured-component-spacer\">&nbsp;</div>\n</div>\n<div class=\"product-detail-extra-detail__section\" data-observer-key=\"certifiedMaterials\">\n<div class=\"structured-component-text-block-subtitle\"><strong><span class=\"structured-component-text zds-heading-s\">NGUY&Ecirc;N LIỆU ĐƯỢC CHỨNG NHẬN</span></strong></div>\n<div class=\"structured-component-spacer\">&nbsp;</div>\n<div class=\"structured-component-text-block-subtitle\"><strong><span class=\"structured-component-text zds-heading-xs\">B&Ocirc;NG T&Aacute;I CHẾ ĐẠT CHỨNG NHẬN RCS</span></strong></div>\n<div class=\"structured-component-text-block-paragraph\"><span class=\"structured-component-text zds-body-m\">Loại sợi n&agrave;y được sản xuất từ r&aacute;c thải dệt may l&agrave; b&ocirc;ng t&aacute;i chế. Việc sử dụng c&aacute;c chất liệu t&aacute;i chế gi&uacute;p hạn chế lượng nguy&ecirc;n liệu th&ocirc; ti&ecirc;u thụ. Chất liệu n&agrave;y được chứng nhận đạt ti&ecirc;u chuẩn Recycled Claim Standard (RCS). Ti&ecirc;u chuẩn n&agrave;y gi&uacute;p x&aacute;c minh h&agrave;m lượng t&aacute;i chế v&agrave; theo d&otilde;i quy tr&igrave;nh sản xuất, từ kh&acirc;u nguy&ecirc;n liệu đầu v&agrave;o cho tới sản phẩm cuối c&ugrave;ng.</span></div>\n<div class=\"structured-component-spacer\">&nbsp;</div>\n<div class=\"structured-component-text-block-paragraph\"><strong><span class=\"structured-component-text zds-body-m\">Chứng nhận bởi Intertek 193341</span></strong></div>\n</div>', 1299, 154, 1, 1, '2025-05-20 15:32:46', '2025-05-20 15:32:46'),
(7, 'ÁO SƠ MI VẢI JACQUARD SẦN', '<h1 class=\"product-detail-info__header-name\" data-qa-qualifier=\"product-detail-info-name\">&Aacute;O SƠ MI VẢI JACQUARD SẦN</h1>\n<p>&Aacute;o sơ mi vải cotton, d&aacute;ng relaxed fit. Cổ ve nhọn kho&eacute;t chữ K, cộc tay. C&agrave;i ph&iacute;a trước bằng h&agrave;ng khuy c&agrave;i.</p>\n<p>&nbsp;</p>\n<p><img style=\"float: left;\" src=\"https://static.zara.net/assets/public/4fc1/366c/c0b44b3b915e/a6a883930a89/07545493800-a1/07545493800-a1.jpg?ts=1747396494876&amp;w=710\" alt=\"&Aacute;O SƠ MI VẢI JACQUARD SẦN - M&agrave;u đen từ Zara - H&igrave;nh ảnh 2\" width=\"350\"><img style=\"display: block; margin-left: auto; margin-right: auto;\" src=\"https://static.zara.net/assets/public/bc41/f4f9/72e249de966f/e3d7c1c357a5/07545493800-a2/07545493800-a2.jpg?ts=1747396494914&amp;w=710\" alt=\"&Aacute;O SƠ MI VẢI JACQUARD SẦN - M&agrave;u đen từ Zara - H&igrave;nh ảnh 3\" width=\"350\"></p>\n<p>&nbsp;</p>\n<div class=\"product-detail-extra-detail__section\" data-observer-key=\"title\">\n<div class=\"structured-component-text-block-title\"><strong><span class=\"structured-component-text zds-heading-s\">CHẤT LIỆU, C&Aacute;CH CHĂM S&Oacute;C &amp; NGUỒN GỐC</span></strong></div>\n<div class=\"structured-component-spacer\">&nbsp;</div>\n</div>\n<div class=\"product-detail-extra-detail__section\" data-observer-key=\"materials\">\n<div class=\"structured-component-text-block-subtitle\"><strong><span class=\"structured-component-text zds-heading-s\">CHẤT LIỆU</span></strong></div>\n<div class=\"structured-component-text-block-paragraph\">&nbsp;</div>\n<div class=\"structured-component-spacer\">&nbsp;</div>\n<div class=\"structured-component-text-block-subtitle\"><strong><span class=\"structured-component-text zds-heading-xs\">LỚP NGO&Agrave;I</span></strong></div>\n<div class=\"structured-component-text-block-paragraph\"><span class=\"structured-component-text zds-body-m\">100% vải cotton</span></div>\n<div class=\"structured-component-spacer\">&nbsp;</div>\n</div>\n<div class=\"product-detail-extra-detail__section\" data-observer-key=\"care\">\n<div class=\"structured-component-text-block-subtitle\"><strong><span class=\"structured-component-text zds-heading-s\">CHĂM S&Oacute;C</span></strong></div>\n<div class=\"structured-component-spacer\">&nbsp;</div>\n<div class=\"structured-component-text-block-paragraph\"><span class=\"structured-component-text zds-body-m\">Chăm s&oacute;c đ&uacute;ng c&aacute;ch quần &aacute;o của m&igrave;nh tức l&agrave; bạn đang bảo vệ m&ocirc;i trường</span></div>\n<div class=\"structured-component-spacer\">&nbsp;</div>\n<div class=\"structured-component-text-block-paragraph\"><span class=\"structured-component-text zds-body-m\">Giặt ở nhiệt độ thấp v&agrave; sử dụng c&aacute;c chế độ vắt nhẹ nh&agrave;ng sẽ c&oacute; lợi hơn cho quần &aacute;o, gi&uacute;p duy tr&igrave; m&agrave;u sắc, h&igrave;nh dạng v&agrave; cấu tr&uacute;c của vải. Đồng thời gi&uacute;p l&agrave;m giảm lượng năng lượng ti&ecirc;u thụ trong c&aacute;c qu&aacute; tr&igrave;nh chăm s&oacute;c. <br><br><a class=\" link\" href=\"https://www.zara.com/vn/vi/sustainability-clothing-care-l3129.html?v1=1596204\" target=\"_blank\" rel=\"noopener\"><span class=\"structured-component-text\">Hướng dẫn bảo quản quần &aacute;o</span></a></span></div>\n<div class=\"structured-component-spacer\">&nbsp;</div>\n<ul class=\"structured-component-icon-list\">\n<li class=\"structured-component-icon-list__item\"><img class=\"structured-component-icon-list__item-icon\" src=\"https://static.zara.net//assets/public/fad0/fd6f/680d44ddbf3b/623a3e540eb1/iconos_mendue-7.svg?ts=1730714831474\" alt=\"\"> <span class=\"structured-component-text zds-body-m\">Giặt m&aacute;y ở nhiệt độ tối đa 30&ordm;C, vắt ở tốc độ thấp</span></li>\n<li class=\"structured-component-icon-list__item\"><img class=\"structured-component-icon-list__item-icon\" src=\"https://static.zara.net//assets/public/fad0/fd6f/680d44ddbf3b/623a3e540eb1/iconos_mendue-14.svg?ts=1730714831474\" alt=\"\"> <span class=\"structured-component-text zds-body-m\">Kh&ocirc;ng sử dụng nước tẩy / thuốc tẩy</span></li>\n<li class=\"structured-component-icon-list__item\"><img class=\"structured-component-icon-list__item-icon\" src=\"https://static.zara.net//assets/public/fad0/fd6f/680d44ddbf3b/623a3e540eb1/iconos_mendue-17.svg?ts=1730714831474\" alt=\"\"> <span class=\"structured-component-text zds-body-m\">Giặt ở nhiệt độ tối đa 150&ordm;C</span></li>\n<li class=\"structured-component-icon-list__item\"><img class=\"structured-component-icon-list__item-icon\" src=\"https://static.zara.net//assets/public/fad0/fd6f/680d44ddbf3b/623a3e540eb1/iconos_mendue-26.svg?ts=1730714831474\" alt=\"\"> <span class=\"structured-component-text zds-body-m\">Giặt kh&ocirc; với tetrachloroethylene</span></li>\n<li class=\"structured-component-icon-list__item\"><img class=\"structured-component-icon-list__item-icon\" src=\"https://static.zara.net//assets/public/fad0/fd6f/680d44ddbf3b/623a3e540eb1/iconos_mendue-35.svg?ts=1730714831474\" alt=\"\"> <span class=\"structured-component-text zds-body-m\">Kh&ocirc;ng sử dụng m&aacute;y sấy</span></li>\n</ul>\n<div class=\"structured-component-spacer\">&nbsp;</div>\n</div>\n<div class=\"product-detail-extra-detail__section\" data-observer-key=\"origin\">\n<div class=\"structured-component-text-block-subtitle\"><strong><span class=\"structured-component-text zds-heading-s\">NGUỒN GỐC</span></strong></div>\n<div class=\"structured-component-spacer\">&nbsp;</div>\n<div class=\"structured-component-text-block-paragraph\"><span class=\"structured-component-text zds-body-m\">Ch&uacute;ng t&ocirc;i c&oacute; c&aacute;c y&ecirc;u cầu truy xuất nguồn gốc để nắm r&otilde; chuỗi cung ứng trong qu&aacute; tr&igrave;nh sản xuất của m&igrave;nh. Ch&uacute;ng t&ocirc;i y&ecirc;u cầu c&aacute;c nh&agrave; cung cấp cung cấp th&ocirc;ng tin của tất cả c&aacute;c cơ sở tham gia v&agrave;o quy tr&igrave;nh sản xuất, từ c&aacute;c cơ sở sản xuất sợi chỉ hay sợi vải th&ocirc; (t&ugrave;y trường hợp) đến c&aacute;c cơ sở sản xuất sản phẩm cuối c&ugrave;ng cho mỗi đơn h&agrave;ng. Điều n&agrave;y &aacute;p dụng cho cả c&aacute;c nh&agrave; m&aacute;y nội bộ lẫn b&ecirc;n ngo&agrave;i, cũng như cho tất cả c&aacute;c b&ecirc;n trung gian tham gia v&agrave;o từng quy tr&igrave;nh.</span></div>\n<div class=\"structured-component-spacer\">&nbsp;</div>\n<div class=\"structured-component-text-block-paragraph\"><span class=\"structured-component-text zds-body-m\">Sản xuất tại Thổ Nhĩ Kỳ</span></div>\n</div>\n<p>&nbsp;</p>', 1299, 153, 1, 1, '2025-05-20 15:36:40', '2025-05-20 15:36:40'),
(8, 'ÁO SƠ MI 100% VẢI LINEN', '<h1 class=\"product-detail-info__header-name\" data-qa-qualifier=\"product-detail-info-name\">&Aacute;O SƠ MI 100% VẢI LINEN</h1>\n<p>&Aacute;o sơ mi vải linen d&aacute;ng relaxed fit. Cổ ve lật, d&agrave;i tay, cổ tay bo v&agrave; c&agrave;i khuy. C&oacute; một t&uacute;i đ&aacute;p trước ngực. C&agrave;i ph&iacute;a trước bằng h&agrave;ng khuy c&agrave;i.</p>\n<p>&nbsp;</p>\n<p><img style=\"float: left;\" src=\"https://static.zara.net/assets/public/28a4/71d9/984c4cabb8ec/a786d738d6e6/01195442737-a2/01195442737-a2.jpg?ts=1747325006006&amp;w=710\" alt=\"&Aacute;O SƠ MI 100% VẢI LINEN - M&agrave;u n&acirc;u /n&acirc;u x&aacute;m từ Zara - H&igrave;nh ảnh 2\" width=\"350\"><img style=\"display: block; margin-left: auto; margin-right: auto;\" src=\"https://static.zara.net/assets/public/ea03/0ece/6ad042b08d8d/9d7d1e8696a5/01195442737-a1/01195442737-a1.jpg?ts=1747325005752&amp;w=710\" alt=\"&Aacute;O SƠ MI 100% VẢI LINEN - M&agrave;u n&acirc;u /n&acirc;u x&aacute;m từ Zara - H&igrave;nh ảnh 1\" width=\"350\"></p>\n<p>&nbsp;</p>\n<div class=\"product-detail-extra-detail__section\" data-observer-key=\"title\">\n<div class=\"structured-component-text-block-title\"><span class=\"structured-component-text zds-heading-s\">CHẤT LIỆU, C&Aacute;CH CHĂM S&Oacute;C &amp; NGUỒN GỐC</span></div>\n<div class=\"structured-component-spacer\">&nbsp;</div>\n</div>\n<div class=\"product-detail-extra-detail__section\" data-observer-key=\"materials\">\n<div class=\"structured-component-text-block-subtitle\"><span class=\"structured-component-text zds-heading-s\">CHẤT LIỆU</span></div>\n<div class=\"structured-component-text-block-paragraph\">&nbsp;</div>\n<div class=\"structured-component-spacer\">&nbsp;</div>\n<div class=\"structured-component-text-block-subtitle\"><span class=\"structured-component-text zds-heading-xs\">LỚP NGO&Agrave;I</span></div>\n<div class=\"structured-component-text-block-paragraph\"><span class=\"structured-component-text zds-body-m\">100% vải lanh</span></div>\n<div class=\"structured-component-spacer\">&nbsp;</div>\n</div>\n<div class=\"product-detail-extra-detail__section\" data-observer-key=\"care\">\n<div class=\"structured-component-text-block-subtitle\"><span class=\"structured-component-text zds-heading-s\">CHĂM S&Oacute;C</span></div>\n<div class=\"structured-component-spacer\">&nbsp;</div>\n<div class=\"structured-component-text-block-paragraph\"><span class=\"structured-component-text zds-body-m\">Chăm s&oacute;c đ&uacute;ng c&aacute;ch quần &aacute;o của m&igrave;nh tức l&agrave; bạn đang bảo vệ m&ocirc;i trường</span></div>\n<div class=\"structured-component-spacer\">&nbsp;</div>\n<div class=\"structured-component-text-block-paragraph\"><span class=\"structured-component-text zds-body-m\">Giặt ở nhiệt độ thấp v&agrave; sử dụng c&aacute;c chế độ vắt nhẹ nh&agrave;ng sẽ c&oacute; lợi hơn cho quần &aacute;o, gi&uacute;p duy tr&igrave; m&agrave;u sắc, h&igrave;nh dạng v&agrave; cấu tr&uacute;c của vải. Đồng thời gi&uacute;p l&agrave;m giảm lượng năng lượng ti&ecirc;u thụ trong c&aacute;c qu&aacute; tr&igrave;nh chăm s&oacute;c. <br><br><a class=\" link\" href=\"https://www.zara.com/vn/vi/sustainability-clothing-care-l3129.html?v1=1596204\" target=\"_blank\" rel=\"noopener\"><span class=\"structured-component-text\">Hướng dẫn bảo quản quần &aacute;o</span></a></span></div>\n<div class=\"structured-component-spacer\">&nbsp;</div>\n<ul class=\"structured-component-icon-list\">\n<li class=\"structured-component-icon-list__item\"><img class=\"structured-component-icon-list__item-icon\" src=\"https://static.zara.net//assets/public/fad0/fd6f/680d44ddbf3b/623a3e540eb1/iconos_mendue-6.svg?ts=1730714831474\" alt=\"\"><span class=\"structured-component-text zds-body-m\">Giặt m&aacute;y ở nhiệt độ tối đa 40&ordm;C, vắt ở tốc độ thấp</span></li>\n<li class=\"structured-component-icon-list__item\"><img class=\"structured-component-icon-list__item-icon\" src=\"https://static.zara.net//assets/public/fad0/fd6f/680d44ddbf3b/623a3e540eb1/iconos_mendue-14.svg?ts=1730714831474\" alt=\"\"><span class=\"structured-component-text zds-body-m\">Kh&ocirc;ng sử dụng nước tẩy / thuốc tẩy</span></li>\n<li class=\"structured-component-icon-list__item\"><img class=\"structured-component-icon-list__item-icon\" src=\"https://static.zara.net//assets/public/fad0/fd6f/680d44ddbf3b/623a3e540eb1/iconos_mendue-17.svg?ts=1730714831474\" alt=\"\"><span class=\"structured-component-text zds-body-m\">Giặt ở nhiệt độ tối đa 150&ordm;C</span></li>\n<li class=\"structured-component-icon-list__item\"><img class=\"structured-component-icon-list__item-icon\" src=\"https://static.zara.net//assets/public/fad0/fd6f/680d44ddbf3b/623a3e540eb1/iconos_mendue-28.svg?ts=1730714831474\" alt=\"\"><span class=\"structured-component-text zds-body-m\">Kh&ocirc;ng giặt kh&ocirc;</span></li>\n<li class=\"structured-component-icon-list__item\"><img class=\"structured-component-icon-list__item-icon\" src=\"https://static.zara.net//assets/public/fad0/fd6f/680d44ddbf3b/623a3e540eb1/iconos_mendue-31.svg?ts=1730714831474\" alt=\"\"><span class=\"structured-component-text zds-body-m\">C&oacute; thể sử dụng m&aacute;y sấy ở nhiệt độ thấp</span></li>\n</ul>\n<div class=\"structured-component-spacer\">&nbsp;</div>\n</div>\n<div class=\"product-detail-extra-detail__section\" data-observer-key=\"origin\">\n<div class=\"structured-component-text-block-subtitle\"><span class=\"structured-component-text zds-heading-s\">NGUỒN GỐC</span></div>\n<div class=\"structured-component-spacer\">&nbsp;</div>\n<div class=\"structured-component-text-block-paragraph\"><span class=\"structured-component-text zds-body-m\">Ch&uacute;ng t&ocirc;i c&oacute; c&aacute;c y&ecirc;u cầu truy xuất nguồn gốc để nắm r&otilde; chuỗi cung ứng trong qu&aacute; tr&igrave;nh sản xuất của m&igrave;nh. Ch&uacute;ng t&ocirc;i y&ecirc;u cầu c&aacute;c nh&agrave; cung cấp cung cấp th&ocirc;ng tin của tất cả c&aacute;c cơ sở tham gia v&agrave;o quy tr&igrave;nh sản xuất, từ c&aacute;c cơ sở sản xuất sợi chỉ hay sợi vải th&ocirc; (t&ugrave;y trường hợp) đến c&aacute;c cơ sở sản xuất sản phẩm cuối c&ugrave;ng cho mỗi đơn h&agrave;ng. Điều n&agrave;y &aacute;p dụng cho cả c&aacute;c nh&agrave; m&aacute;y nội bộ lẫn b&ecirc;n ngo&agrave;i, cũng như cho tất cả c&aacute;c b&ecirc;n trung gian tham gia v&agrave;o từng quy tr&igrave;nh.</span></div>\n<div class=\"structured-component-spacer\">&nbsp;</div>\n<div class=\"structured-component-text-block-paragraph\"><span class=\"structured-component-text zds-body-m\">Sản xuất tại Bangladesh</span></div>\n</div>', 1799, 165, 1, 1, '2025-05-20 15:39:23', '2025-05-20 15:39:23'),
(9, 'ÁO SƠ MI 100% VẢI LINEN KIMONO', '<h1 class=\"product-detail-info__header-name\" data-qa-qualifier=\"product-detail-info-name\">&Aacute;O SƠ MI 100% VẢI LINEN KIMONO</h1>\n<p>&Aacute;o sơ mi vải linen d&aacute;ng relaxed fit. Cổ ve lật, ve &aacute;o kiểu chữ K, cộc tay. Gấu xẻ hai b&ecirc;n. C&agrave;i khuy ch&eacute;o ẩn dưới vạt che.</p>\n<p>&nbsp;</p>\n<p><img style=\"float: left;\" src=\"https://static.zara.net/assets/public/ac85/bf25/e9ac4026bb00/43fdebc7311a/00706283250-a1/00706283250-a1.jpg?ts=1745578315726&amp;w=710\" alt=\"&Aacute;O SƠ MI 100% VẢI LINEN KIMONO - M&agrave;u trắng từ Zara - H&igrave;nh ảnh 1\" width=\"350\"><img style=\"display: block; margin-left: auto; margin-right: auto;\" src=\"https://static.zara.net/assets/public/9e0b/8ea8/7bf84611ae1d/397075cc86cd/00706283250-a2/00706283250-a2.jpg?ts=1745578316399&amp;w=710\" alt=\"&Aacute;O SƠ MI 100% VẢI LINEN KIMONO - M&agrave;u trắng từ Zara - H&igrave;nh ảnh 2\" width=\"350\"></p>\n<p>&nbsp;</p>\n<div class=\"product-detail-extra-detail__section\" data-observer-key=\"title\">\n<div class=\"structured-component-text-block-title\"><span class=\"structured-component-text zds-heading-s\">CHẤT LIỆU, C&Aacute;CH CHĂM S&Oacute;C &amp; NGUỒN GỐC</span></div>\n<div class=\"structured-component-spacer\">&nbsp;</div>\n</div>\n<div class=\"product-detail-extra-detail__section\" data-observer-key=\"materials\">\n<div class=\"structured-component-text-block-subtitle\"><span class=\"structured-component-text zds-heading-s\">CHẤT LIỆU</span></div>\n<div class=\"structured-component-text-block-paragraph\">&nbsp;</div>\n<div class=\"structured-component-spacer\">&nbsp;</div>\n<div class=\"structured-component-text-block-subtitle\"><span class=\"structured-component-text zds-heading-xs\">LỚP NGO&Agrave;I</span></div>\n<div class=\"structured-component-text-block-paragraph\"><span class=\"structured-component-text zds-body-m\">100% vải lanh</span></div>\n<div class=\"structured-component-spacer\">&nbsp;</div>\n</div>\n<div class=\"product-detail-extra-detail__section\" data-observer-key=\"recycledMaterials\">\n<div class=\"structured-component-text-block-paragraph\"><span class=\"structured-component-text zds-body-m\">C&oacute; &iacute;t nhất:</span></div>\n<div class=\"structured-component-spacer\">&nbsp;</div>\n<div class=\"structured-component-text-block-subtitle\"><span class=\"structured-component-text zds-heading-xs\">LỚP NGO&Agrave;I</span></div>\n<div class=\"structured-component-text-block-paragraph\"><span class=\"structured-component-text zds-body-m\">100% sợi linen ch&acirc;u &Acirc;u được chứng nhận</span></div>\n<div class=\"structured-component-spacer\">&nbsp;</div>\n</div>\n<div class=\"product-detail-extra-detail__section\" data-observer-key=\"certifiedMaterials\">\n<div class=\"structured-component-text-block-subtitle\"><span class=\"structured-component-text zds-heading-s\">NGUY&Ecirc;N LIỆU ĐƯỢC CHỨNG NHẬN</span></div>\n<div class=\"structured-component-spacer\">&nbsp;</div>\n<div class=\"structured-component-text-block-subtitle\"><span class=\"structured-component-text zds-heading-xs\">SỢI LINEN CH&Acirc;U &Acirc;U ĐƯỢC CHỨNG NHẬN</span></div>\n<div class=\"structured-component-text-block-paragraph\"><span class=\"structured-component-text zds-body-m\">C&acirc;y lanh ở ch&acirc;u &Acirc;u được gieo trồng m&agrave; kh&ocirc;ng sử dụng c&aacute;c hạt giống biến đổi gen v&agrave; hạn chế sử dụng thuốc trừ s&acirc;u v&agrave; ph&acirc;n b&oacute;n. Sản xuất tại T&acirc;y &Acirc;u, với to&agrave;n bộ chuỗi gi&aacute; trị được theo d&otilde;i để đảm bảo tu&acirc;n thủ ti&ecirc;u chuẩn EUROPEAN FLAX&trade; của Li&ecirc;n minh Sợi Linen v&agrave; Sợi Gai dầu ch&acirc;u &Acirc;u (<em>Alliance for European Flax-Linen and Hemp</em>).</span></div>\n<div class=\"structured-component-spacer\">&nbsp;</div>\n</div>\n<div class=\"product-detail-extra-detail__section\" data-observer-key=\"care\">\n<div class=\"structured-component-text-block-subtitle\"><span class=\"structured-component-text zds-heading-s\">CHĂM S&Oacute;C</span></div>\n<div class=\"structured-component-spacer\">&nbsp;</div>\n<div class=\"structured-component-text-block-paragraph\"><span class=\"structured-component-text zds-body-m\">Chăm s&oacute;c đ&uacute;ng c&aacute;ch quần &aacute;o của m&igrave;nh tức l&agrave; bạn đang bảo vệ m&ocirc;i trường</span></div>\n<div class=\"structured-component-spacer\">&nbsp;</div>\n<div class=\"structured-component-text-block-paragraph\"><span class=\"structured-component-text zds-body-m\">Giặt ở nhiệt độ thấp v&agrave; sử dụng c&aacute;c chế độ vắt nhẹ nh&agrave;ng sẽ c&oacute; lợi hơn cho quần &aacute;o, gi&uacute;p duy tr&igrave; m&agrave;u sắc, h&igrave;nh dạng v&agrave; cấu tr&uacute;c của vải. Đồng thời gi&uacute;p l&agrave;m giảm lượng năng lượng ti&ecirc;u thụ trong c&aacute;c qu&aacute; tr&igrave;nh chăm s&oacute;c. <br><br><a class=\" link\" href=\"https://www.zara.com/vn/vi/sustainability-clothing-care-l3129.html?v1=1596204\" target=\"_blank\" rel=\"noopener\"><span class=\"structured-component-text\">Hướng dẫn bảo quản quần &aacute;o</span></a></span></div>\n<div class=\"structured-component-spacer\">&nbsp;</div>\n<ul class=\"structured-component-icon-list\">\n<li class=\"structured-component-icon-list__item\"><img class=\"structured-component-icon-list__item-icon\" src=\"https://static.zara.net//assets/public/fad0/fd6f/680d44ddbf3b/623a3e540eb1/iconos_mendue-7.svg?ts=1730714831474\" alt=\"\"><span class=\"structured-component-text zds-body-m\">Giặt m&aacute;y ở nhiệt độ tối đa 30&ordm;C, vắt ở tốc độ thấp</span></li>\n<li class=\"structured-component-icon-list__item\"><img class=\"structured-component-icon-list__item-icon\" src=\"https://static.zara.net//assets/public/fad0/fd6f/680d44ddbf3b/623a3e540eb1/iconos_mendue-14.svg?ts=1730714831474\" alt=\"\"><span class=\"structured-component-text zds-body-m\">Kh&ocirc;ng sử dụng nước tẩy / thuốc tẩy</span></li>\n<li class=\"structured-component-icon-list__item\"><img class=\"structured-component-icon-list__item-icon\" src=\"https://static.zara.net//assets/public/fad0/fd6f/680d44ddbf3b/623a3e540eb1/iconos_mendue-16.svg?ts=1730714831474\" alt=\"\"><span class=\"structured-component-text zds-body-m\">Giặt ở nhiệt độ tối đa 200&ordm;C</span></li>\n<li class=\"structured-component-icon-list__item\"><img class=\"structured-component-icon-list__item-icon\" src=\"https://static.zara.net//assets/public/fad0/fd6f/680d44ddbf3b/623a3e540eb1/iconos_mendue-26.svg?ts=1730714831474\" alt=\"\"><span class=\"structured-component-text zds-body-m\">Giặt kh&ocirc; với tetrachloroethylene</span></li>\n<li class=\"structured-component-icon-list__item\"><img class=\"structured-component-icon-list__item-icon\" src=\"https://static.zara.net//assets/public/fad0/fd6f/680d44ddbf3b/623a3e540eb1/iconos_mendue-35.svg?ts=1730714831474\" alt=\"\"><span class=\"structured-component-text zds-body-m\">Kh&ocirc;ng sử dụng m&aacute;y sấy</span></li>\n<li class=\"structured-component-icon-list__item\"><img class=\"structured-component-icon-list__item-icon\" src=\"https://static.zara.net//assets/public/fad0/fd6f/680d44ddbf3b/623a3e540eb1/iconos_mendue-34.svg?ts=1730714831474\" alt=\"\"><span class=\"structured-component-text zds-body-m\">Phơi kh&ocirc; tr&ecirc;n bề mặt phẳng</span></li>\n</ul>\n<div class=\"structured-component-spacer\">&nbsp;</div>\n</div>\n<div class=\"product-detail-extra-detail__section\" data-observer-key=\"origin\">\n<div class=\"structured-component-text-block-subtitle\"><span class=\"structured-component-text zds-heading-s\">NGUỒN GỐC</span></div>\n<div class=\"structured-component-spacer\">&nbsp;</div>\n<div class=\"structured-component-text-block-paragraph\"><span class=\"structured-component-text zds-body-m\">Ch&uacute;ng t&ocirc;i c&oacute; c&aacute;c y&ecirc;u cầu truy xuất nguồn gốc để nắm r&otilde; chuỗi cung ứng trong qu&aacute; tr&igrave;nh sản xuất của m&igrave;nh. Ch&uacute;ng t&ocirc;i y&ecirc;u cầu c&aacute;c nh&agrave; cung cấp cung cấp th&ocirc;ng tin của tất cả c&aacute;c cơ sở tham gia v&agrave;o quy tr&igrave;nh sản xuất, từ c&aacute;c cơ sở sản xuất sợi chỉ hay sợi vải th&ocirc; (t&ugrave;y trường hợp) đến c&aacute;c cơ sở sản xuất sản phẩm cuối c&ugrave;ng cho mỗi đơn h&agrave;ng. Điều n&agrave;y &aacute;p dụng cho cả c&aacute;c nh&agrave; m&aacute;y nội bộ lẫn b&ecirc;n ngo&agrave;i, cũng như cho tất cả c&aacute;c b&ecirc;n trung gian tham gia v&agrave;o từng quy tr&igrave;nh.</span></div>\n<div class=\"structured-component-spacer\">&nbsp;</div>\n<div class=\"structured-component-text-block-paragraph\"><span class=\"structured-component-text zds-body-m\">Sản xuất tại Thổ Nhĩ Kỳ</span></div>\n</div>', 1299, 130, 1, 1, '2025-05-20 15:42:55', '2025-05-20 15:42:55'),
(10, 'ÁO SƠ MI KHOÁC NGOÀI 100% VẢI LINEN', '<h1 class=\"product-detail-info__header-name\" data-qa-qualifier=\"product-detail-info-name\">&Aacute;O SƠ MI KHO&Aacute;C NGO&Agrave;I 100% VẢI LINEN</h1>\n<p>&Aacute;o sơ mi kho&aacute;c ngo&agrave;i d&aacute;ng relaxed fit, chất liệu vải linen. Cổ chữ V, cộc tay. Gấu xẻ hai b&ecirc;n. C&agrave;i ph&iacute;a trước bằng h&agrave;ng khuy c&agrave;i ẩn.</p>\n<p>&nbsp;</p>\n<p><img style=\"float: left;\" src=\"https://static.zara.net/assets/public/6d0b/481f/22d2437399d4/59bfc6ae6d9e/00706282250-a1/00706282250-a1.jpg?ts=1745578311501&amp;w=710\" alt=\"&Aacute;O SƠ MI KHO&Aacute;C NGO&Agrave;I 100% VẢI LINEN - M&agrave;u trắng từ Zara - H&igrave;nh ảnh 1\" width=\"350\"><img style=\"display: block; margin-left: auto; margin-right: auto;\" src=\"https://static.zara.net/assets/public/6a7c/89f6/a9a14450ae1a/ec6bb8c14a35/00706282250-a2/00706282250-a2.jpg?ts=1745578311583&amp;w=710\" alt=\"&Aacute;O SƠ MI KHO&Aacute;C NGO&Agrave;I 100% VẢI LINEN - M&agrave;u trắng từ Zara - H&igrave;nh ảnh 2\" width=\"350\"></p>\n<p>&nbsp;</p>\n<div class=\"product-detail-extra-detail__section\" data-observer-key=\"title\">\n<div class=\"structured-component-text-block-title\"><span class=\"structured-component-text zds-heading-s\">CHẤT LIỆU, C&Aacute;CH CHĂM S&Oacute;C &amp; NGUỒN GỐC</span></div>\n<div class=\"structured-component-spacer\">&nbsp;</div>\n</div>\n<div class=\"product-detail-extra-detail__section\" data-observer-key=\"materials\">\n<div class=\"structured-component-text-block-subtitle\"><span class=\"structured-component-text zds-heading-s\">CHẤT LIỆU</span></div>\n<div class=\"structured-component-text-block-paragraph\">&nbsp;</div>\n<div class=\"structured-component-spacer\">&nbsp;</div>\n<div class=\"structured-component-text-block-subtitle\"><span class=\"structured-component-text zds-heading-xs\">LỚP NGO&Agrave;I</span></div>\n<div class=\"structured-component-text-block-paragraph\"><span class=\"structured-component-text zds-body-m\">100% vải lanh</span></div>\n<div class=\"structured-component-spacer\">&nbsp;</div>\n</div>\n<div class=\"product-detail-extra-detail__section\" data-observer-key=\"recycledMaterials\">\n<div class=\"structured-component-text-block-paragraph\"><span class=\"structured-component-text zds-body-m\">C&oacute; &iacute;t nhất:</span></div>\n<div class=\"structured-component-spacer\">&nbsp;</div>\n<div class=\"structured-component-text-block-subtitle\"><span class=\"structured-component-text zds-heading-xs\">LỚP NGO&Agrave;I</span></div>\n<div class=\"structured-component-text-block-paragraph\"><span class=\"structured-component-text zds-body-m\">100% sợi linen ch&acirc;u &Acirc;u được chứng nhận</span></div>\n<div class=\"structured-component-spacer\">&nbsp;</div>\n</div>\n<div class=\"product-detail-extra-detail__section\" data-observer-key=\"certifiedMaterials\">\n<div class=\"structured-component-text-block-subtitle\"><span class=\"structured-component-text zds-heading-s\">NGUY&Ecirc;N LIỆU ĐƯỢC CHỨNG NHẬN</span></div>\n<div class=\"structured-component-spacer\">&nbsp;</div>\n<div class=\"structured-component-text-block-subtitle\"><span class=\"structured-component-text zds-heading-xs\">SỢI LINEN CH&Acirc;U &Acirc;U ĐƯỢC CHỨNG NHẬN</span></div>\n<div class=\"structured-component-text-block-paragraph\"><span class=\"structured-component-text zds-body-m\">C&acirc;y lanh ở ch&acirc;u &Acirc;u được gieo trồng m&agrave; kh&ocirc;ng sử dụng c&aacute;c hạt giống biến đổi gen v&agrave; hạn chế sử dụng thuốc trừ s&acirc;u v&agrave; ph&acirc;n b&oacute;n. Sản xuất tại T&acirc;y &Acirc;u, với to&agrave;n bộ chuỗi gi&aacute; trị được theo d&otilde;i để đảm bảo tu&acirc;n thủ ti&ecirc;u chuẩn EUROPEAN FLAX&trade; của Li&ecirc;n minh Sợi Linen v&agrave; Sợi Gai dầu ch&acirc;u &Acirc;u (<em>Alliance for European Flax-Linen and Hemp</em>).</span></div>\n<div class=\"structured-component-spacer\">&nbsp;</div>\n</div>\n<div class=\"product-detail-extra-detail__section\" data-observer-key=\"care\">\n<div class=\"structured-component-text-block-subtitle\"><span class=\"structured-component-text zds-heading-s\">CHĂM S&Oacute;C</span></div>\n<div class=\"structured-component-spacer\">&nbsp;</div>\n<div class=\"structured-component-text-block-paragraph\"><span class=\"structured-component-text zds-body-m\">Chăm s&oacute;c đ&uacute;ng c&aacute;ch quần &aacute;o của m&igrave;nh tức l&agrave; bạn đang bảo vệ m&ocirc;i trường</span></div>\n<div class=\"structured-component-spacer\">&nbsp;</div>\n<div class=\"structured-component-text-block-paragraph\"><span class=\"structured-component-text zds-body-m\">Giặt ở nhiệt độ thấp v&agrave; sử dụng c&aacute;c chế độ vắt nhẹ nh&agrave;ng sẽ c&oacute; lợi hơn cho quần &aacute;o, gi&uacute;p duy tr&igrave; m&agrave;u sắc, h&igrave;nh dạng v&agrave; cấu tr&uacute;c của vải. Đồng thời gi&uacute;p l&agrave;m giảm lượng năng lượng ti&ecirc;u thụ trong c&aacute;c qu&aacute; tr&igrave;nh chăm s&oacute;c. <br><br><a class=\" link\" href=\"https://www.zara.com/vn/vi/sustainability-clothing-care-l3129.html?v1=1596204\" target=\"_blank\" rel=\"noopener\"><span class=\"structured-component-text\">Hướng dẫn bảo quản quần &aacute;o</span></a></span></div>\n<div class=\"structured-component-spacer\">&nbsp;</div>\n<ul class=\"structured-component-icon-list\">\n<li class=\"structured-component-icon-list__item\"><img class=\"structured-component-icon-list__item-icon\" src=\"https://static.zara.net//assets/public/fad0/fd6f/680d44ddbf3b/623a3e540eb1/iconos_mendue-7.svg?ts=1730714831474\" alt=\"\"><span class=\"structured-component-text zds-body-m\">Giặt m&aacute;y ở nhiệt độ tối đa 30&ordm;C, vắt ở tốc độ thấp</span></li>\n<li class=\"structured-component-icon-list__item\"><img class=\"structured-component-icon-list__item-icon\" src=\"https://static.zara.net//assets/public/fad0/fd6f/680d44ddbf3b/623a3e540eb1/iconos_mendue-14.svg?ts=1730714831474\" alt=\"\"><span class=\"structured-component-text zds-body-m\">Kh&ocirc;ng sử dụng nước tẩy / thuốc tẩy</span></li>\n<li class=\"structured-component-icon-list__item\"><img class=\"structured-component-icon-list__item-icon\" src=\"https://static.zara.net//assets/public/fad0/fd6f/680d44ddbf3b/623a3e540eb1/iconos_mendue-16.svg?ts=1730714831474\" alt=\"\"><span class=\"structured-component-text zds-body-m\">Giặt ở nhiệt độ tối đa 200&ordm;C</span></li>\n<li class=\"structured-component-icon-list__item\"><img class=\"structured-component-icon-list__item-icon\" src=\"https://static.zara.net//assets/public/fad0/fd6f/680d44ddbf3b/623a3e540eb1/iconos_mendue-26.svg?ts=1730714831474\" alt=\"\"><span class=\"structured-component-text zds-body-m\">Giặt kh&ocirc; với tetrachloroethylene</span></li>\n<li class=\"structured-component-icon-list__item\"><img class=\"structured-component-icon-list__item-icon\" src=\"https://static.zara.net//assets/public/fad0/fd6f/680d44ddbf3b/623a3e540eb1/iconos_mendue-31.svg?ts=1730714831474\" alt=\"\"><span class=\"structured-component-text zds-body-m\">C&oacute; thể sử dụng m&aacute;y sấy ở nhiệt độ thấp</span></li>\n</ul>\n<div class=\"structured-component-spacer\">&nbsp;</div>\n</div>\n<div class=\"product-detail-extra-detail__section\" data-observer-key=\"origin\">\n<div class=\"structured-component-text-block-subtitle\"><span class=\"structured-component-text zds-heading-s\">NGUỒN GỐC</span></div>\n<div class=\"structured-component-spacer\">&nbsp;</div>\n<div class=\"structured-component-text-block-paragraph\"><span class=\"structured-component-text zds-body-m\">Ch&uacute;ng t&ocirc;i c&oacute; c&aacute;c y&ecirc;u cầu truy xuất nguồn gốc để nắm r&otilde; chuỗi cung ứng trong qu&aacute; tr&igrave;nh sản xuất của m&igrave;nh. Ch&uacute;ng t&ocirc;i y&ecirc;u cầu c&aacute;c nh&agrave; cung cấp cung cấp th&ocirc;ng tin của tất cả c&aacute;c cơ sở tham gia v&agrave;o quy tr&igrave;nh sản xuất, từ c&aacute;c cơ sở sản xuất sợi chỉ hay sợi vải th&ocirc; (t&ugrave;y trường hợp) đến c&aacute;c cơ sở sản xuất sản phẩm cuối c&ugrave;ng cho mỗi đơn h&agrave;ng. Điều n&agrave;y &aacute;p dụng cho cả c&aacute;c nh&agrave; m&aacute;y nội bộ lẫn b&ecirc;n ngo&agrave;i, cũng như cho tất cả c&aacute;c b&ecirc;n trung gian tham gia v&agrave;o từng quy tr&igrave;nh.</span></div>\n<div class=\"structured-component-spacer\">&nbsp;</div>\n<div class=\"structured-component-text-block-paragraph\"><span class=\"structured-component-text zds-body-m\">Sản xuất tại Thổ Nhĩ Kỳ</span></div>\n</div>', 1399, 165, 1, 1, '2025-05-20 15:46:07', '2025-05-20 15:46:07'),
(12, 'NƯỚC HOA FOR HIM SOLAR EDITION EDP 100ML ( 3.38 FL.OZ )', '<h1 class=\"product-detail-info__header-name\" data-qa-qualifier=\"product-detail-info-name\">NƯỚC HOA FOR HIM SOLAR EDITION EDP 100ML ( 3.38 FL.OZ )</h1>\n<p>Nước hoa Eau de Parfum. Một l&agrave;n hương tươi m&aacute;t đầy bất ngờ mở ra với vị b&eacute;o mượt v&agrave; xanh m&aacute;t của hạt dẻ cười, được bao bọc bởi sự ấm &aacute;p v&agrave; cay nhẹ của nhục đậu khấu. Tầng hương nền l&agrave; hương gỗ kh&ocirc; mang đến chiều s&acirc;u v&agrave; c&aacute; t&iacute;nh, tạo n&ecirc;n một m&ugrave;i hương hiện đại, đầy cuốn h&uacute;t v&agrave; tinh tế một c&aacute;ch tự nhi&ecirc;n.</p>\n<p style=\"text-align: center;\"><img style=\"float: left;\" src=\"https://static.zara.net/assets/public/0ab1/d508/7b044c1c9af3/349839799653/20210260999-e2/20210260999-e2.jpg?ts=1745393408239&amp;w=710\" alt=\"NƯỚC HOA FOR HIM SOLAR EDITION EDP 100ML ( 3.38 FL.OZ ) -  từ Zara - H&igrave;nh ảnh 1\" width=\"350\"> Th&agrave;nh phần: ALCOHOL DENAT., WATER (AQUA), FRAGRANCE (PARFUM), TETRAMETHYL ACETYLOCTAHYDRONAPHTHALENES, LIMONENE, LINALYL ACETATE, DẦU VỎ CAM BERGAMOT, DẦU VỎ C&Acirc;Y CHANH, LINALOOL, VANILLIN, PINENE, BENZYL SALICYLATE, COUMARIN, CITRONELLOL, TOCOPHERYL ACETATE, TRIMETHYLCYCLOPENTENYL METHYLISOPENTENOL, DẦU/CHIẾT XUẤT OẢI HƯƠNG, DẦU HOẮC HƯƠNG, PELARGONIUM GRAVEOLENS FLOWER OIL, ALPHA-ISOMETHYL IONONE, TERPINEOL, beta-Caryophyllene, CITRAL, HƯƠNG HOA HỒNG, CARVONE, ALPHA-TERPINENE, GERANIOL, TERPINOLENE, GERANYL ACETATE, Anethole, DẦU L&Aacute; BẠC H&Agrave;, DẦU VỎ C&Acirc;Y QUẾ QUAN, CINNAMAL</p>', 799, 93, 4, 1, '2025-05-20 15:55:50', '2025-05-21 15:51:16'),
(13, 'NƯỚC HOA BLUE TEMPTATION EDP', '<h1 class=\"product-detail-info__header-name\" data-qa-qualifier=\"product-detail-info-name\">NƯỚC HOA BLUE TEMPTATION EDP</h1>\n<p style=\"text-align: justify;\">Nước hoa Eau de Parfum. Hương foug&egrave;re v&agrave; hổ ph&aacute;ch, kết hợp giữa sự tươi m&aacute;t v&agrave; chiều s&acirc;u v&agrave; điểm th&ecirc;m ch&uacute;t t&aacute;o bạo. Tầng hương đầu đầy sống động với ti&ecirc;u đen, chanh v&agrave; nhựa elemI mở ra một tầng hương giữa b&iacute; ẩn với hương hoa cam v&agrave; t&aacute;o xanh. Ở tầng hương cuối, đậu tonka v&agrave; hoắc hương mang đến sự c&acirc;n bằng đầy cuốn h&uacute;t giữa năng lượng v&agrave; n&eacute;t thanh lịch.</p>\n<p style=\"text-align: justify;\">&nbsp;</p>\n<p style=\"text-align: justify; padding-left: 40px;\">Th&agrave;nh phần: ALCOHOL DENAT., FRAGRANCE (PARFUM), WATER (AQUA), TETRAMETHYL ACETYLOCTAHYDRONAPHTHALENES, DẦU VỎ CAM BERGAMOT, LIMONENE, LINALYL ACETATE, DẦU VỎ C&Acirc;Y CHANH, PINENE, LINALOOL, CITRONELLOL, COUMARIN, DẦU HOẮC HƯƠNG, CITRAL, GERANYL ACETATE, TERPINOLENE, TERPINEOL, beta-Caryophyllene, ALPHA-TERPINENE, VANILLIN, GERANIOL, HƯƠNG HOA HỒNG, ISOEUGENOL, TRIMETHYLCYCLOPENTENYL METHYLISOPENTENOL, MENTHOL, CARVONE, LONG N&Atilde;O</p>\n<p>&nbsp;</p>\n<p style=\"padding-left: 40px;\"><img src=\"https://static.zara.net/assets/public/c87d/2935/becf45bd9285/a8fbc40ff3b4/20220789999-e2/20220789999-e2.jpg?ts=1744712112505&amp;w=710\" alt=\"NƯỚC HOA BLUE TEMPTATION EDP 120ML ( 4.6 FL. OZ ) -  từ Zara - H&igrave;nh ảnh 1\" width=\"350\"><img style=\"float: right;\" src=\"https://static.zara.net/assets/public/cfc1/0078/77b145a69887/3aa5bd941aa0/20220789999-e3/20220789999-e3.jpg?ts=1744724855762&amp;w=710\" alt=\"NƯỚC HOA BLUE TEMPTATION EDP 120ML ( 4.6 FL. OZ ) -  từ Zara - H&igrave;nh ảnh 2\" width=\"350\"></p>', 899, 187, 4, 1, '2025-05-20 16:02:03', '2025-05-20 16:02:03'),
(14, 'VÒNG CỔ DÂY XÍCH CÓ MẶT TRANG TRÍ', '<h1 class=\"product-detail-info__header-name\" data-qa-qualifier=\"product-detail-info-name\">V&Ograve;NG CỔ D&Acirc;Y X&Iacute;CH C&Oacute; MẶT TRANG TR&Iacute;</h1>\n<p>V&ograve;ng cổ x&iacute;ch kim loại. Phối mặt c&ugrave;ng m&agrave;u. Mạ bạc 925 MM. C&agrave;i bằng m&oacute;c c&agrave;ng cua.<br><br>Chiều d&agrave;i: Trung b&igrave;nh.</p>\n<p>&nbsp;</p>\n<div class=\"product-detail-extra-detail__section\" data-observer-key=\"title\">\n<div class=\"structured-component-text-block-title\"><span class=\"structured-component-text zds-heading-s\">CHẤT LIỆU, C&Aacute;CH CHĂM S&Oacute;C &amp; NGUỒN GỐC</span></div>\n<div class=\"structured-component-spacer\">&nbsp;</div>\n</div>\n<div class=\"product-detail-extra-detail__section\" data-observer-key=\"materials\">\n<div class=\"structured-component-text-block-subtitle\"><span class=\"structured-component-text zds-heading-s\">CHẤT LIỆU</span></div>\n<div class=\"structured-component-text-block-paragraph\">&nbsp;</div>\n<div class=\"structured-component-spacer\">&nbsp;</div>\n<div class=\"structured-component-text-block-subtitle\"><span class=\"structured-component-text zds-heading-xs\">LỚP NGO&Agrave;I</span></div>\n<div class=\"structured-component-text-block-paragraph\"><span class=\"structured-component-text zds-body-m\">60% kẽm<br>35% đồng thau<br>4% sắt<br>1% Bạc</span></div>\n<div class=\"structured-component-spacer\">&nbsp;</div>\n</div>\n<div class=\"product-detail-extra-detail__section\" data-observer-key=\"recycledMaterials\">\n<div class=\"structured-component-text-block-paragraph\"><span class=\"structured-component-text zds-body-m\">C&oacute; &iacute;t nhất:</span></div>\n<div class=\"structured-component-spacer\">&nbsp;</div>\n<div class=\"structured-component-text-block-subtitle\"><span class=\"structured-component-text zds-heading-xs\">LỚP NGO&Agrave;I</span></div>\n<div class=\"structured-component-text-block-paragraph\"><span class=\"structured-component-text zds-body-m\">60% kẽm t&aacute;i chế đạt chứng nhận RCS</span></div>\n<div class=\"structured-component-text-block-paragraph\"><span class=\"structured-component-text zds-body-m\">35% đồng thau t&aacute;i chế đạt chứng nhận RCS</span></div>\n<div class=\"structured-component-spacer\">&nbsp;</div>\n</div>\n<div class=\"product-detail-extra-detail__section\" data-observer-key=\"certifiedMaterials\">\n<div class=\"structured-component-text-block-subtitle\"><span class=\"structured-component-text zds-heading-s\">NGUY&Ecirc;N LIỆU ĐƯỢC CHỨNG NHẬN</span></div>\n<div class=\"structured-component-spacer\">&nbsp;</div>\n<div class=\"structured-component-text-block-subtitle\"><span class=\"structured-component-text zds-heading-xs\">KẼM T&Aacute;I CHẾ ĐẠT CHỨNG NHẬN RCS</span></div>\n<div class=\"structured-component-text-block-paragraph\"><span class=\"structured-component-text zds-body-m\">Kẽm t&aacute;i chế được sản xuất từ r&aacute;c thải kẽm thu hồi được. Chất liệu n&agrave;y được chứng nhận đạt ti&ecirc;u chuẩn Recycled Claim Standard (RCS). Ti&ecirc;u chuẩn n&agrave;y gi&uacute;p x&aacute;c minh h&agrave;m lượng t&aacute;i chế v&agrave; theo d&otilde;i quy tr&igrave;nh sản xuất, từ kh&acirc;u nguy&ecirc;n liệu đầu v&agrave;o cho tới sản phẩm cuối c&ugrave;ng.</span></div>\n<div class=\"structured-component-spacer\">&nbsp;</div>\n<div class=\"structured-component-text-block-paragraph\"><span class=\"structured-component-text zds-body-m\">Chứng nhận bởi Intertek 193341</span></div>\n<a class=\"link\" tabindex=\"0\" href=\"https://www.zara.com/vn/vi/sostenibilidad-web-verde-l1453.html?v1=2247135\" data-qa-action=\"structured-component-link\"><span class=\"structured-component-text zds-body-m\">Th&ecirc;m th&ocirc;ng tin</span></a>\n<div class=\"structured-component-spacer\">&nbsp;</div>\n<div class=\"structured-component-text-block-subtitle\"><span class=\"structured-component-text zds-heading-xs\">ĐỒNG THAU T&Aacute;I CHẾ ĐẠT CHỨNG NHẬN RCS</span></div>\n<div class=\"structured-component-text-block-paragraph\"><span class=\"structured-component-text zds-body-m\">Chất liệu n&agrave;y được sản xuất từ r&aacute;c thải đồng thau thu hồi từ c&aacute;c sản phẩm kh&aacute;c hoặc được tạo ra trong c&aacute;c qu&aacute; tr&igrave;nh sản xuất kh&aacute;c. Việc sử dụng c&aacute;c chất liệu t&aacute;i chế gi&uacute;p hạn chế việc khai th&aacute;c nguy&ecirc;n liệu th&ocirc;. Chất liệu n&agrave;y đạt chứng nhận Recycled Claim Standard (RCS). Ti&ecirc;u chuẩn n&agrave;y gi&uacute;p x&aacute;c minh h&agrave;m lượng t&aacute;i chế v&agrave; theo d&otilde;i quy tr&igrave;nh sản xuất, từ kh&acirc;u nguy&ecirc;n liệu đầu v&agrave;o cho tới sản phẩm cuối c&ugrave;ng.</span></div>\n<div class=\"structured-component-spacer\">&nbsp;</div>\n<div class=\"structured-component-text-block-paragraph\"><span class=\"structured-component-text zds-body-m\">Chứng nhận bởi Intertek 193341</span></div>\n<a class=\"link\" tabindex=\"0\" href=\"https://www.zara.com/vn/vi/sostenibilidad-web-verde-l1453.html?v1=2247135\" data-qa-action=\"structured-component-link\"><span class=\"structured-component-text zds-body-m\">Th&ecirc;m th&ocirc;ng tin</span></a>\n<div class=\"structured-component-spacer\">&nbsp;</div>\n</div>\n<div class=\"product-detail-extra-detail__section\" data-observer-key=\"care\">\n<div class=\"structured-component-text-block-subtitle\"><span class=\"structured-component-text zds-heading-s\">CHĂM S&Oacute;C</span></div>\n<div class=\"structured-component-spacer\">&nbsp;</div>\n<div class=\"structured-component-text-block-paragraph\"><span class=\"structured-component-text zds-body-m\">Chăm s&oacute;c đ&uacute;ng c&aacute;ch quần &aacute;o của m&igrave;nh tức l&agrave; bạn đang bảo vệ m&ocirc;i trường</span></div>\n<div class=\"structured-component-spacer\">&nbsp;</div>\n<div class=\"structured-component-text-block-paragraph\"><span class=\"structured-component-text zds-body-m\">Những thao t&aacute;c đơn giản như lau ch&ugrave;i sản phẩm bằng khăn b&ocirc;ng kh&ocirc; hoặc b&agrave;n chải mềm, t&ugrave;y thuộc v&agrave;o đặc t&iacute;nh của sản phẩm, cũng c&oacute; thể gi&uacute;p ch&uacute;ng ta chăm s&oacute;c ch&uacute;ng. Bất cứ khi n&agrave;o c&oacute; thể, h&atilde;y cố gắng sử dụng c&aacute;c sản phẩm th&acirc;n thiện với m&ocirc;i trường. <br><br><a class=\" link\" href=\"https://www.zara.com/vn/vi/sustainability-clothing-care-l3129.html?v1=1596204\" target=\"_blank\" rel=\"noopener\"><span class=\"structured-component-text\">Hướng dẫn bảo quản quần &aacute;o</span></a></span></div>\n<div class=\"structured-component-spacer\">&nbsp;</div>\n<ul class=\"structured-component-icon-list\">\n<li class=\"structured-component-icon-list__item\"><img class=\"structured-component-icon-list__item-icon\" src=\"https://static.zara.net//assets/public/fad0/fd6f/680d44ddbf3b/623a3e540eb1/iconos_mendue-9.svg?ts=1730714831474\" alt=\"\"><span class=\"structured-component-text zds-body-m\">Kh&ocirc;ng giặt</span></li>\n<li class=\"structured-component-icon-list__item\"><img class=\"structured-component-icon-list__item-icon\" src=\"https://static.zara.net//assets/public/fad0/fd6f/680d44ddbf3b/623a3e540eb1/iconos_mendue-14.svg?ts=1730714831474\" alt=\"\"><span class=\"structured-component-text zds-body-m\">Kh&ocirc;ng sử dụng nước tẩy / thuốc tẩy</span></li>\n<li class=\"structured-component-icon-list__item\"><img class=\"structured-component-icon-list__item-icon\" src=\"https://static.zara.net//assets/public/fad0/fd6f/680d44ddbf3b/623a3e540eb1/iconos_mendue-19.svg?ts=1730714831474\" alt=\"\"><span class=\"structured-component-text zds-body-m\">Kh&ocirc;ng l&agrave;</span></li>\n<li class=\"structured-component-icon-list__item\"><img class=\"structured-component-icon-list__item-icon\" src=\"https://static.zara.net//assets/public/fad0/fd6f/680d44ddbf3b/623a3e540eb1/iconos_mendue-28.svg?ts=1730714831474\" alt=\"\"><span class=\"structured-component-text zds-body-m\">Kh&ocirc;ng giặt kh&ocirc;</span></li>\n<li class=\"structured-component-icon-list__item\"><img class=\"structured-component-icon-list__item-icon\" src=\"https://static.zara.net//assets/public/fad0/fd6f/680d44ddbf3b/623a3e540eb1/iconos_mendue-35.svg?ts=1730714831474\" alt=\"\"><span class=\"structured-component-text zds-body-m\">Kh&ocirc;ng sử dụng m&aacute;y sấy</span></li>\n</ul>\n<div class=\"structured-component-spacer\">&nbsp;</div>\n</div>\n<div class=\"product-detail-extra-detail__section\" data-observer-key=\"origin\">\n<div class=\"structured-component-text-block-subtitle\"><span class=\"structured-component-text zds-heading-s\">NGUỒN GỐC</span></div>\n<div class=\"structured-component-spacer\">&nbsp;</div>\n<div class=\"structured-component-text-block-paragraph\"><span class=\"structured-component-text zds-body-m\">Ch&uacute;ng t&ocirc;i c&oacute; c&aacute;c y&ecirc;u cầu truy xuất nguồn gốc để nắm r&otilde; chuỗi cung ứng trong qu&aacute; tr&igrave;nh sản xuất của m&igrave;nh. Ch&uacute;ng t&ocirc;i y&ecirc;u cầu c&aacute;c nh&agrave; cung cấp cung cấp th&ocirc;ng tin của tất cả c&aacute;c cơ sở tham gia v&agrave;o quy tr&igrave;nh sản xuất, từ c&aacute;c cơ sở sản xuất sợi chỉ hay sợi vải th&ocirc; (t&ugrave;y trường hợp) đến c&aacute;c cơ sở sản xuất sản phẩm cuối c&ugrave;ng cho mỗi đơn h&agrave;ng. Điều n&agrave;y &aacute;p dụng cho cả c&aacute;c nh&agrave; m&aacute;y nội bộ lẫn b&ecirc;n ngo&agrave;i, cũng như cho tất cả c&aacute;c b&ecirc;n trung gian tham gia v&agrave;o từng quy tr&igrave;nh.</span></div>\n<div class=\"structured-component-spacer\">&nbsp;</div>\n<div class=\"structured-component-text-block-paragraph\"><span class=\"structured-component-text zds-body-m\">Sản xuất tại Trung Quốc</span></div>\n</div>', 799, 92, 4, 1, '2025-05-20 19:00:18', '2025-05-21 15:52:49'),
(15, 'VÒNG CỔ XÍCH KIM LOẠI', '<h1 class=\"product-detail-info__header-name\" data-qa-qualifier=\"product-detail-info-name\">V&Ograve;NG CỔ X&Iacute;CH KIM LOẠI</h1>\n<p>V&ograve;ng cổ x&iacute;ch kim loại mạ bạc 925 MM. C&agrave;i bằng m&oacute;c c&agrave;i thanh ngang.<br><br>Chiều d&agrave;i: Trung b&igrave;nh.</p>\n<div class=\"product-detail-extra-detail__section\" data-observer-key=\"title\">\n<div class=\"structured-component-text-block-title\"><span class=\"structured-component-text zds-heading-s\">CHẤT LIỆU, C&Aacute;CH CHĂM S&Oacute;C &amp; NGUỒN GỐC</span></div>\n<div class=\"structured-component-spacer\">&nbsp;</div>\n</div>\n<div class=\"product-detail-extra-detail__section\" data-observer-key=\"materials\">\n<div class=\"structured-component-text-block-subtitle\"><span class=\"structured-component-text zds-heading-s\">CHẤT LIỆU</span></div>\n<div class=\"structured-component-text-block-paragraph\">&nbsp;</div>\n<div class=\"structured-component-spacer\">&nbsp;</div>\n<div class=\"structured-component-text-block-subtitle\"><span class=\"structured-component-text zds-heading-xs\">LỚP NGO&Agrave;I</span></div>\n<div class=\"structured-component-text-block-paragraph\"><span class=\"structured-component-text zds-body-m\">89% sắt<br>10% đồng thau<br>1% Bạc</span></div>\n<div class=\"structured-component-spacer\">&nbsp;</div>\n</div>\n<div class=\"product-detail-extra-detail__section\" data-observer-key=\"care\">\n<div class=\"structured-component-text-block-subtitle\"><span class=\"structured-component-text zds-heading-s\">CHĂM S&Oacute;C</span></div>\n<div class=\"structured-component-spacer\">&nbsp;</div>\n<div class=\"structured-component-text-block-paragraph\"><span class=\"structured-component-text zds-body-m\">Chăm s&oacute;c đ&uacute;ng c&aacute;ch quần &aacute;o của m&igrave;nh tức l&agrave; bạn đang bảo vệ m&ocirc;i trường</span></div>\n<div class=\"structured-component-spacer\">&nbsp;</div>\n<div class=\"structured-component-text-block-paragraph\"><span class=\"structured-component-text zds-body-m\">Những thao t&aacute;c đơn giản như lau ch&ugrave;i sản phẩm bằng khăn b&ocirc;ng kh&ocirc; hoặc b&agrave;n chải mềm, t&ugrave;y thuộc v&agrave;o đặc t&iacute;nh của sản phẩm, cũng c&oacute; thể gi&uacute;p ch&uacute;ng ta chăm s&oacute;c ch&uacute;ng. Bất cứ khi n&agrave;o c&oacute; thể, h&atilde;y cố gắng sử dụng c&aacute;c sản phẩm th&acirc;n thiện với m&ocirc;i trường. <br><br><a class=\" link\" href=\"https://www.zara.com/vn/vi/sustainability-clothing-care-l3129.html?v1=1596204\" target=\"_blank\" rel=\"noopener\"><span class=\"structured-component-text\">Hướng dẫn bảo quản quần &aacute;o</span></a></span></div>\n<div class=\"structured-component-spacer\">&nbsp;</div>\n<ul class=\"structured-component-icon-list\">\n<li class=\"structured-component-icon-list__item\"><img class=\"structured-component-icon-list__item-icon\" src=\"https://static.zara.net//assets/public/fad0/fd6f/680d44ddbf3b/623a3e540eb1/iconos_mendue-9.svg?ts=1730714831474\" alt=\"\"><span class=\"structured-component-text zds-body-m\">Kh&ocirc;ng giặt</span></li>\n<li class=\"structured-component-icon-list__item\"><img class=\"structured-component-icon-list__item-icon\" src=\"https://static.zara.net//assets/public/fad0/fd6f/680d44ddbf3b/623a3e540eb1/iconos_mendue-14.svg?ts=1730714831474\" alt=\"\"><span class=\"structured-component-text zds-body-m\">Kh&ocirc;ng sử dụng nước tẩy / thuốc tẩy</span></li>\n<li class=\"structured-component-icon-list__item\"><img class=\"structured-component-icon-list__item-icon\" src=\"https://static.zara.net//assets/public/fad0/fd6f/680d44ddbf3b/623a3e540eb1/iconos_mendue-19.svg?ts=1730714831474\" alt=\"\"><span class=\"structured-component-text zds-body-m\">Kh&ocirc;ng l&agrave;</span></li>\n<li class=\"structured-component-icon-list__item\"><img class=\"structured-component-icon-list__item-icon\" src=\"https://static.zara.net//assets/public/fad0/fd6f/680d44ddbf3b/623a3e540eb1/iconos_mendue-28.svg?ts=1730714831474\" alt=\"\"><span class=\"structured-component-text zds-body-m\">Kh&ocirc;ng giặt kh&ocirc;</span></li>\n<li class=\"structured-component-icon-list__item\"><img class=\"structured-component-icon-list__item-icon\" src=\"https://static.zara.net//assets/public/fad0/fd6f/680d44ddbf3b/623a3e540eb1/iconos_mendue-35.svg?ts=1730714831474\" alt=\"\"><span class=\"structured-component-text zds-body-m\">Kh&ocirc;ng sử dụng m&aacute;y sấy</span></li>\n</ul>\n<div class=\"structured-component-spacer\">&nbsp;</div>\n</div>\n<div class=\"product-detail-extra-detail__section\" data-observer-key=\"origin\">\n<div class=\"structured-component-text-block-subtitle\"><span class=\"structured-component-text zds-heading-s\">NGUỒN GỐC</span></div>\n<div class=\"structured-component-spacer\">&nbsp;</div>\n<div class=\"structured-component-text-block-paragraph\"><span class=\"structured-component-text zds-body-m\">Ch&uacute;ng t&ocirc;i c&oacute; c&aacute;c y&ecirc;u cầu truy xuất nguồn gốc để nắm r&otilde; chuỗi cung ứng trong qu&aacute; tr&igrave;nh sản xuất của m&igrave;nh. Ch&uacute;ng t&ocirc;i y&ecirc;u cầu c&aacute;c nh&agrave; cung cấp cung cấp th&ocirc;ng tin của tất cả c&aacute;c cơ sở tham gia v&agrave;o quy tr&igrave;nh sản xuất, từ c&aacute;c cơ sở sản xuất sợi chỉ hay sợi vải th&ocirc; (t&ugrave;y trường hợp) đến c&aacute;c cơ sở sản xuất sản phẩm cuối c&ugrave;ng cho mỗi đơn h&agrave;ng. Điều n&agrave;y &aacute;p dụng cho cả c&aacute;c nh&agrave; m&aacute;y nội bộ lẫn b&ecirc;n ngo&agrave;i, cũng như cho tất cả c&aacute;c b&ecirc;n trung gian tham gia v&agrave;o từng quy tr&igrave;nh.</span></div>\n<div class=\"structured-component-spacer\">&nbsp;</div>\n<div class=\"structured-component-text-block-paragraph\"><span class=\"structured-component-text zds-body-m\">Sản xuất tại Trung Quốc</span></div>\n</div>', 899, 99, 4, 1, '2025-05-20 19:01:17', '2025-05-20 19:01:17'),
(16, 'SET 4 NHẪN THIẾT KẾ LẠ MẮT', '<div class=\"product-detail-info__header\">\n<div class=\"product-detail-info__header-content\">\n<h1 class=\"product-detail-info__header-name\" data-qa-qualifier=\"product-detail-info-name\">SET 4 NHẪN THIẾT KẾ LẠ MẮT</h1>\n<p>Set 4 nhẫn kim loại thiết kế lạ mắt, mạ bạc 925 MM.<br><br>Cỡ M: Chu vi 61 mm. // Đường k&iacute;nh: 19&acute;4 mm.<br>Cỡ L: Chu vi 63 mm. // Đường k&iacute;nh: 20 mm.</p>\n<div class=\"product-detail-extra-detail__section\" data-observer-key=\"title\">\n<div class=\"structured-component-text-block-title\"><span class=\"structured-component-text zds-heading-s\">CHẤT LIỆU, C&Aacute;CH CHĂM S&Oacute;C &amp; NGUỒN GỐC</span></div>\n<div class=\"structured-component-spacer\">&nbsp;</div>\n</div>\n<div class=\"product-detail-extra-detail__section\" data-observer-key=\"materials\">\n<div class=\"structured-component-text-block-subtitle\"><span class=\"structured-component-text zds-heading-s\">CHẤT LIỆU</span></div>\n<div class=\"structured-component-text-block-paragraph\">&nbsp;</div>\n<div class=\"structured-component-spacer\">&nbsp;</div>\n<div class=\"structured-component-text-block-subtitle\"><span class=\"structured-component-text zds-heading-xs\">LỚP NGO&Agrave;I</span></div>\n<div class=\"structured-component-text-block-paragraph\"><span class=\"structured-component-text zds-body-m\">99% kẽm<br>1% Bạc</span></div>\n<div class=\"structured-component-spacer\">&nbsp;</div>\n</div>\n<div class=\"product-detail-extra-detail__section\" data-observer-key=\"recycledMaterials\">\n<div class=\"structured-component-text-block-paragraph\"><span class=\"structured-component-text zds-body-m\">C&oacute; &iacute;t nhất:</span></div>\n<div class=\"structured-component-spacer\">&nbsp;</div>\n<div class=\"structured-component-text-block-subtitle\"><span class=\"structured-component-text zds-heading-xs\">LỚP NGO&Agrave;I</span></div>\n<div class=\"structured-component-text-block-paragraph\"><span class=\"structured-component-text zds-body-m\">99% kẽm t&aacute;i chế đạt chứng nhận RCS</span></div>\n<div class=\"structured-component-spacer\">&nbsp;</div>\n</div>\n<div class=\"product-detail-extra-detail__section\" data-observer-key=\"certifiedMaterials\">\n<div class=\"structured-component-text-block-subtitle\"><span class=\"structured-component-text zds-heading-s\">NGUY&Ecirc;N LIỆU ĐƯỢC CHỨNG NHẬN</span></div>\n<div class=\"structured-component-spacer\">&nbsp;</div>\n<div class=\"structured-component-text-block-subtitle\"><span class=\"structured-component-text zds-heading-xs\">KẼM T&Aacute;I CHẾ ĐẠT CHỨNG NHẬN RCS</span></div>\n<div class=\"structured-component-text-block-paragraph\"><span class=\"structured-component-text zds-body-m\">Kẽm t&aacute;i chế được sản xuất từ r&aacute;c thải kẽm thu hồi được. Chất liệu n&agrave;y được chứng nhận đạt ti&ecirc;u chuẩn Recycled Claim Standard (RCS). Ti&ecirc;u chuẩn n&agrave;y gi&uacute;p x&aacute;c minh h&agrave;m lượng t&aacute;i chế v&agrave; theo d&otilde;i quy tr&igrave;nh sản xuất, từ kh&acirc;u nguy&ecirc;n liệu đầu v&agrave;o cho tới sản phẩm cuối c&ugrave;ng.</span></div>\n<div class=\"structured-component-spacer\">&nbsp;</div>\n<div class=\"structured-component-text-block-paragraph\"><span class=\"structured-component-text zds-body-m\">Chứng nhận bởi Intertek 193341</span></div>\n<a class=\"link\" tabindex=\"0\" href=\"https://www.zara.com/vn/vi/sostenibilidad-web-verde-l1453.html?v1=2247135\" data-qa-action=\"structured-component-link\"><span class=\"structured-component-text zds-body-m\">Th&ecirc;m th&ocirc;ng tin</span></a>\n<div class=\"structured-component-spacer\">&nbsp;</div>\n</div>\n<div class=\"product-detail-extra-detail__section\" data-observer-key=\"care\">\n<div class=\"structured-component-text-block-subtitle\"><span class=\"structured-component-text zds-heading-s\">CHĂM S&Oacute;C</span></div>\n<div class=\"structured-component-spacer\">&nbsp;</div>\n<div class=\"structured-component-text-block-paragraph\"><span class=\"structured-component-text zds-body-m\">Chăm s&oacute;c đ&uacute;ng c&aacute;ch quần &aacute;o của m&igrave;nh tức l&agrave; bạn đang bảo vệ m&ocirc;i trường</span></div>\n<div class=\"structured-component-spacer\">&nbsp;</div>\n<div class=\"structured-component-text-block-paragraph\"><span class=\"structured-component-text zds-body-m\">Những thao t&aacute;c đơn giản như lau ch&ugrave;i sản phẩm bằng khăn b&ocirc;ng kh&ocirc; hoặc b&agrave;n chải mềm, t&ugrave;y thuộc v&agrave;o đặc t&iacute;nh của sản phẩm, cũng c&oacute; thể gi&uacute;p ch&uacute;ng ta chăm s&oacute;c ch&uacute;ng. Bất cứ khi n&agrave;o c&oacute; thể, h&atilde;y cố gắng sử dụng c&aacute;c sản phẩm th&acirc;n thiện với m&ocirc;i trường. <br><br><a class=\" link\" href=\"https://www.zara.com/vn/vi/sustainability-clothing-care-l3129.html?v1=1596204\" target=\"_blank\" rel=\"noopener\"><span class=\"structured-component-text\">Hướng dẫn bảo quản quần &aacute;o</span></a></span></div>\n<div class=\"structured-component-spacer\">&nbsp;</div>\n<ul class=\"structured-component-icon-list\">\n<li class=\"structured-component-icon-list__item\"><img class=\"structured-component-icon-list__item-icon\" src=\"https://static.zara.net//assets/public/fad0/fd6f/680d44ddbf3b/623a3e540eb1/iconos_mendue-9.svg?ts=1730714831474\" alt=\"\"><span class=\"structured-component-text zds-body-m\">Kh&ocirc;ng giặt</span></li>\n<li class=\"structured-component-icon-list__item\"><img class=\"structured-component-icon-list__item-icon\" src=\"https://static.zara.net//assets/public/fad0/fd6f/680d44ddbf3b/623a3e540eb1/iconos_mendue-14.svg?ts=1730714831474\" alt=\"\"><span class=\"structured-component-text zds-body-m\">Kh&ocirc;ng sử dụng nước tẩy / thuốc tẩy</span></li>\n<li class=\"structured-component-icon-list__item\"><img class=\"structured-component-icon-list__item-icon\" src=\"https://static.zara.net//assets/public/fad0/fd6f/680d44ddbf3b/623a3e540eb1/iconos_mendue-19.svg?ts=1730714831474\" alt=\"\"><span class=\"structured-component-text zds-body-m\">Kh&ocirc;ng l&agrave;</span></li>\n<li class=\"structured-component-icon-list__item\"><img class=\"structured-component-icon-list__item-icon\" src=\"https://static.zara.net//assets/public/fad0/fd6f/680d44ddbf3b/623a3e540eb1/iconos_mendue-28.svg?ts=1730714831474\" alt=\"\"><span class=\"structured-component-text zds-body-m\">Kh&ocirc;ng giặt kh&ocirc;</span></li>\n<li class=\"structured-component-icon-list__item\"><img class=\"structured-component-icon-list__item-icon\" src=\"https://static.zara.net//assets/public/fad0/fd6f/680d44ddbf3b/623a3e540eb1/iconos_mendue-35.svg?ts=1730714831474\" alt=\"\"><span class=\"structured-component-text zds-body-m\">Kh&ocirc;ng sử dụng m&aacute;y sấy</span></li>\n</ul>\n<div class=\"structured-component-spacer\">&nbsp;</div>\n</div>\n<div class=\"product-detail-extra-detail__section\" data-observer-key=\"origin\">\n<div class=\"structured-component-text-block-subtitle\"><span class=\"structured-component-text zds-heading-s\">NGUỒN GỐC</span></div>\n<div class=\"structured-component-spacer\">&nbsp;</div>\n<div class=\"structured-component-text-block-paragraph\"><span class=\"structured-component-text zds-body-m\">Ch&uacute;ng t&ocirc;i c&oacute; c&aacute;c y&ecirc;u cầu truy xuất nguồn gốc để nắm r&otilde; chuỗi cung ứng trong qu&aacute; tr&igrave;nh sản xuất của m&igrave;nh. Ch&uacute;ng t&ocirc;i y&ecirc;u cầu c&aacute;c nh&agrave; cung cấp cung cấp th&ocirc;ng tin của tất cả c&aacute;c cơ sở tham gia v&agrave;o quy tr&igrave;nh sản xuất, từ c&aacute;c cơ sở sản xuất sợi chỉ hay sợi vải th&ocirc; (t&ugrave;y trường hợp) đến c&aacute;c cơ sở sản xuất sản phẩm cuối c&ugrave;ng cho mỗi đơn h&agrave;ng. Điều n&agrave;y &aacute;p dụng cho cả c&aacute;c nh&agrave; m&aacute;y nội bộ lẫn b&ecirc;n ngo&agrave;i, cũng như cho tất cả c&aacute;c b&ecirc;n trung gian tham gia v&agrave;o từng quy tr&igrave;nh.</span></div>\n<div class=\"structured-component-spacer\">&nbsp;</div>\n<div class=\"structured-component-text-block-paragraph\"><span class=\"structured-component-text zds-body-m\">Sản xuất tại Trung Quốc</span></div>\n</div>\n</div>\n</div>', 649, 198, 4, 1, '2025-05-20 19:03:35', '2025-05-20 19:03:35'),
(17, 'KHĂN TẮM ĐI BIỂN HỌA TIẾT KẺ', '<h1 class=\"product-detail-info__header-name\" data-qa-qualifier=\"product-detail-info-name\">KHĂN TẮM ĐI BIỂN HỌA TIẾT KẺ</h1>\n<p>Khăn tắm đi biển vải cotton l&ocirc;ng xoăn.<br><br>K&iacute;ch thước: 200 x 100 cm.</p>\n<div class=\"product-detail-extra-detail__section\" data-observer-key=\"title\">\n<div class=\"structured-component-text-block-title\"><span class=\"structured-component-text zds-heading-s\">CHẤT LIỆU, C&Aacute;CH CHĂM S&Oacute;C &amp; NGUỒN GỐC</span></div>\n<div class=\"structured-component-spacer\">&nbsp;</div>\n</div>\n<div class=\"product-detail-extra-detail__section\" data-observer-key=\"materials\">\n<div class=\"structured-component-text-block-subtitle\"><span class=\"structured-component-text zds-heading-s\">CHẤT LIỆU</span></div>\n<div class=\"structured-component-text-block-paragraph\">&nbsp;</div>\n<div class=\"structured-component-spacer\">&nbsp;</div>\n<div class=\"structured-component-text-block-subtitle\"><span class=\"structured-component-text zds-heading-xs\">LỚP NGO&Agrave;I</span></div>\n<div class=\"structured-component-text-block-paragraph\"><span class=\"structured-component-text zds-body-m\">100% vải cotton</span></div>\n<div class=\"structured-component-spacer\">&nbsp;</div>\n</div>\n<div class=\"product-detail-extra-detail__section\" data-observer-key=\"care\">\n<div class=\"structured-component-text-block-subtitle\"><span class=\"structured-component-text zds-heading-s\">CHĂM S&Oacute;C</span></div>\n<div class=\"structured-component-spacer\">&nbsp;</div>\n<div class=\"structured-component-text-block-paragraph\"><span class=\"structured-component-text zds-body-m\">Chăm s&oacute;c đ&uacute;ng c&aacute;ch quần &aacute;o của m&igrave;nh tức l&agrave; bạn đang bảo vệ m&ocirc;i trường</span></div>\n<div class=\"structured-component-spacer\">&nbsp;</div>\n<div class=\"structured-component-text-block-paragraph\"><span class=\"structured-component-text zds-body-m\">Những thao t&aacute;c đơn giản như lau ch&ugrave;i sản phẩm bằng khăn b&ocirc;ng kh&ocirc; hoặc b&agrave;n chải mềm, t&ugrave;y thuộc v&agrave;o đặc t&iacute;nh của sản phẩm, cũng c&oacute; thể gi&uacute;p ch&uacute;ng ta chăm s&oacute;c ch&uacute;ng. Bất cứ khi n&agrave;o c&oacute; thể, h&atilde;y cố gắng sử dụng c&aacute;c sản phẩm th&acirc;n thiện với m&ocirc;i trường. <br><br><a class=\" link\" href=\"https://www.zara.com/vn/vi/sustainability-clothing-care-l3129.html?v1=1596204\" target=\"_blank\" rel=\"noopener\"><span class=\"structured-component-text\">Hướng dẫn bảo quản quần &aacute;o</span></a></span></div>\n<div class=\"structured-component-spacer\">&nbsp;</div>\n<ul class=\"structured-component-icon-list\">\n<li class=\"structured-component-icon-list__item\"><img class=\"structured-component-icon-list__item-icon\" src=\"https://static.zara.net//assets/public/fad0/fd6f/680d44ddbf3b/623a3e540eb1/iconos_mendue-6.svg?ts=1730714831474\" alt=\"\"><span class=\"structured-component-text zds-body-m\">Giặt m&aacute;y ở nhiệt độ tối đa 40&ordm;C, vắt ở tốc độ thấp</span></li>\n<li class=\"structured-component-icon-list__item\"><img class=\"structured-component-icon-list__item-icon\" src=\"https://static.zara.net//assets/public/fad0/fd6f/680d44ddbf3b/623a3e540eb1/iconos_mendue-14.svg?ts=1730714831474\" alt=\"\"><span class=\"structured-component-text zds-body-m\">Kh&ocirc;ng sử dụng nước tẩy / thuốc tẩy</span></li>\n<li class=\"structured-component-icon-list__item\"><img class=\"structured-component-icon-list__item-icon\" src=\"https://static.zara.net//assets/public/fad0/fd6f/680d44ddbf3b/623a3e540eb1/iconos_mendue-19.svg?ts=1730714831474\" alt=\"\"><span class=\"structured-component-text zds-body-m\">Kh&ocirc;ng l&agrave;</span></li>\n<li class=\"structured-component-icon-list__item\"><img class=\"structured-component-icon-list__item-icon\" src=\"https://static.zara.net//assets/public/fad0/fd6f/680d44ddbf3b/623a3e540eb1/iconos_mendue-28.svg?ts=1730714831474\" alt=\"\"><span class=\"structured-component-text zds-body-m\">Kh&ocirc;ng giặt kh&ocirc;</span></li>\n<li class=\"structured-component-icon-list__item\"><img class=\"structured-component-icon-list__item-icon\" src=\"https://static.zara.net//assets/public/fad0/fd6f/680d44ddbf3b/623a3e540eb1/iconos_mendue-35.svg?ts=1730714831474\" alt=\"\"><span class=\"structured-component-text zds-body-m\">Kh&ocirc;ng sử dụng m&aacute;y sấy</span></li>\n</ul>\n<div class=\"structured-component-spacer\">&nbsp;</div>\n</div>\n<div class=\"product-detail-extra-detail__section\" data-observer-key=\"origin\">\n<div class=\"structured-component-text-block-subtitle\"><span class=\"structured-component-text zds-heading-s\">NGUỒN GỐC</span></div>\n<div class=\"structured-component-spacer\">&nbsp;</div>\n<div class=\"structured-component-text-block-paragraph\"><span class=\"structured-component-text zds-body-m\">Ch&uacute;ng t&ocirc;i c&oacute; c&aacute;c y&ecirc;u cầu truy xuất nguồn gốc để nắm r&otilde; chuỗi cung ứng trong qu&aacute; tr&igrave;nh sản xuất của m&igrave;nh. Ch&uacute;ng t&ocirc;i y&ecirc;u cầu c&aacute;c nh&agrave; cung cấp cung cấp th&ocirc;ng tin của tất cả c&aacute;c cơ sở tham gia v&agrave;o quy tr&igrave;nh sản xuất, từ c&aacute;c cơ sở sản xuất sợi chỉ hay sợi vải th&ocirc; (t&ugrave;y trường hợp) đến c&aacute;c cơ sở sản xuất sản phẩm cuối c&ugrave;ng cho mỗi đơn h&agrave;ng. Điều n&agrave;y &aacute;p dụng cho cả c&aacute;c nh&agrave; m&aacute;y nội bộ lẫn b&ecirc;n ngo&agrave;i, cũng như cho tất cả c&aacute;c b&ecirc;n trung gian tham gia v&agrave;o từng quy tr&igrave;nh.</span></div>\n<div class=\"structured-component-spacer\">&nbsp;</div>\n<div class=\"structured-component-text-block-paragraph\"><span class=\"structured-component-text zds-body-m\">Sản xuất tại Trung Quốc</span></div>\n</div>', 1599, 199, 4, 1, '2025-05-20 19:05:37', '2025-05-20 19:05:37');
INSERT INTO `products` (`id`, `name`, `description`, `price`, `stock`, `category_id`, `section_id`, `createdAt`, `updatedAt`) VALUES
(18, 'MŨ BUCKET SỢI CỌ', '<h1 class=\"product-detail-info__header-name\" data-qa-qualifier=\"product-detail-info-name\">MŨ BUCKET SỢI CỌ</h1>\n<p>Mũ bucket sợi cọ. Rộng v&agrave;nh.</p>\n<div class=\"product-detail-extra-detail__section\" data-observer-key=\"title\">\n<div class=\"structured-component-text-block-title\"><span class=\"structured-component-text zds-heading-s\">CHẤT LIỆU, C&Aacute;CH CHĂM S&Oacute;C &amp; NGUỒN GỐC</span></div>\n<div class=\"structured-component-spacer\">&nbsp;</div>\n</div>\n<div class=\"product-detail-extra-detail__section\" data-observer-key=\"materials\">\n<div class=\"structured-component-text-block-subtitle\"><span class=\"structured-component-text zds-heading-s\">CHẤT LIỆU</span></div>\n<div class=\"structured-component-text-block-paragraph\">&nbsp;</div>\n<div class=\"structured-component-spacer\">&nbsp;</div>\n<div class=\"structured-component-text-block-subtitle\"><span class=\"structured-component-text zds-heading-xs\">LỚP NGO&Agrave;I</span></div>\n<div class=\"structured-component-text-block-paragraph\"><span class=\"structured-component-text zds-body-m\">100% c&oacute;i raffia</span></div>\n<div class=\"structured-component-spacer\">&nbsp;</div>\n</div>\n<div class=\"product-detail-extra-detail__section\" data-observer-key=\"care\">\n<div class=\"structured-component-text-block-subtitle\"><span class=\"structured-component-text zds-heading-s\">CHĂM S&Oacute;C</span></div>\n<div class=\"structured-component-spacer\">&nbsp;</div>\n<div class=\"structured-component-text-block-paragraph\"><span class=\"structured-component-text zds-body-m\">Chăm s&oacute;c đ&uacute;ng c&aacute;ch quần &aacute;o của m&igrave;nh tức l&agrave; bạn đang bảo vệ m&ocirc;i trường</span></div>\n<div class=\"structured-component-spacer\">&nbsp;</div>\n<div class=\"structured-component-text-block-paragraph\"><span class=\"structured-component-text zds-body-m\">Những thao t&aacute;c đơn giản như lau ch&ugrave;i sản phẩm bằng khăn b&ocirc;ng kh&ocirc; hoặc b&agrave;n chải mềm, t&ugrave;y thuộc v&agrave;o đặc t&iacute;nh của sản phẩm, cũng c&oacute; thể gi&uacute;p ch&uacute;ng ta chăm s&oacute;c ch&uacute;ng. Bất cứ khi n&agrave;o c&oacute; thể, h&atilde;y cố gắng sử dụng c&aacute;c sản phẩm th&acirc;n thiện với m&ocirc;i trường. <br><br><a class=\" link\" href=\"https://www.zara.com/vn/vi/sustainability-clothing-care-l3129.html?v1=1596204\" target=\"_blank\" rel=\"noopener\"><span class=\"structured-component-text\">Hướng dẫn bảo quản quần &aacute;o</span></a></span></div>\n<div class=\"structured-component-spacer\">&nbsp;</div>\n<ul class=\"structured-component-icon-list\">\n<li class=\"structured-component-icon-list__item\"><img class=\"structured-component-icon-list__item-icon\" src=\"https://static.zara.net//assets/public/fad0/fd6f/680d44ddbf3b/623a3e540eb1/iconos_mendue-9.svg?ts=1730714831474\" alt=\"\"><span class=\"structured-component-text zds-body-m\">Kh&ocirc;ng giặt</span></li>\n<li class=\"structured-component-icon-list__item\"><img class=\"structured-component-icon-list__item-icon\" src=\"https://static.zara.net//assets/public/fad0/fd6f/680d44ddbf3b/623a3e540eb1/iconos_mendue-14.svg?ts=1730714831474\" alt=\"\"><span class=\"structured-component-text zds-body-m\">Kh&ocirc;ng sử dụng nước tẩy / thuốc tẩy</span></li>\n<li class=\"structured-component-icon-list__item\"><img class=\"structured-component-icon-list__item-icon\" src=\"https://static.zara.net//assets/public/fad0/fd6f/680d44ddbf3b/623a3e540eb1/iconos_mendue-19.svg?ts=1730714831474\" alt=\"\"><span class=\"structured-component-text zds-body-m\">Kh&ocirc;ng l&agrave;</span></li>\n<li class=\"structured-component-icon-list__item\"><img class=\"structured-component-icon-list__item-icon\" src=\"https://static.zara.net//assets/public/fad0/fd6f/680d44ddbf3b/623a3e540eb1/iconos_mendue-28.svg?ts=1730714831474\" alt=\"\"><span class=\"structured-component-text zds-body-m\">Kh&ocirc;ng giặt kh&ocirc;</span></li>\n<li class=\"structured-component-icon-list__item\"><img class=\"structured-component-icon-list__item-icon\" src=\"https://static.zara.net//assets/public/fad0/fd6f/680d44ddbf3b/623a3e540eb1/iconos_mendue-35.svg?ts=1730714831474\" alt=\"\"><span class=\"structured-component-text zds-body-m\">Kh&ocirc;ng sử dụng m&aacute;y sấy</span></li>\n</ul>\n<div class=\"structured-component-spacer\">&nbsp;</div>\n</div>\n<div class=\"product-detail-extra-detail__section\" data-observer-key=\"origin\">\n<div class=\"structured-component-text-block-subtitle\"><span class=\"structured-component-text zds-heading-s\">NGUỒN GỐC</span></div>\n<div class=\"structured-component-spacer\">&nbsp;</div>\n<div class=\"structured-component-text-block-paragraph\"><span class=\"structured-component-text zds-body-m\">Ch&uacute;ng t&ocirc;i c&oacute; c&aacute;c y&ecirc;u cầu truy xuất nguồn gốc để nắm r&otilde; chuỗi cung ứng trong qu&aacute; tr&igrave;nh sản xuất của m&igrave;nh. Ch&uacute;ng t&ocirc;i y&ecirc;u cầu c&aacute;c nh&agrave; cung cấp cung cấp th&ocirc;ng tin của tất cả c&aacute;c cơ sở tham gia v&agrave;o quy tr&igrave;nh sản xuất, từ c&aacute;c cơ sở sản xuất sợi chỉ hay sợi vải th&ocirc; (t&ugrave;y trường hợp) đến c&aacute;c cơ sở sản xuất sản phẩm cuối c&ugrave;ng cho mỗi đơn h&agrave;ng. Điều n&agrave;y &aacute;p dụng cho cả c&aacute;c nh&agrave; m&aacute;y nội bộ lẫn b&ecirc;n ngo&agrave;i, cũng như cho tất cả c&aacute;c b&ecirc;n trung gian tham gia v&agrave;o từng quy tr&igrave;nh.</span></div>\n<div class=\"structured-component-spacer\">&nbsp;</div>\n<div class=\"structured-component-text-block-paragraph\"><span class=\"structured-component-text zds-body-m\">Sản xuất tại Trung Quốc</span></div>\n</div>', 1299, 198, 4, 1, '2025-05-20 19:07:57', '2025-05-20 19:07:57'),
(19, 'THẮT LƯNG DA ĐẦU BỌC KIM LOẠI', '<h1 class=\"product-detail-info__header-name\" data-qa-qualifier=\"product-detail-info-name\">THẮT LƯNG DA ĐẦU BỌC KIM LOẠI</h1>\n<p>Thắt lưng da. Hai đầu bọc chi tiết kim loại. C&oacute; kh&oacute;a c&agrave;i v&agrave; đai luồn d&acirc;y bằng kim loại.<br><br>Chiều rộng: 3 cm.</p>\n<div class=\"product-detail-extra-detail__section\" data-observer-key=\"title\">\n<div class=\"structured-component-text-block-title\"><span class=\"structured-component-text zds-heading-s\">CHẤT LIỆU, C&Aacute;CH CHĂM S&Oacute;C &amp; NGUỒN GỐC</span></div>\n<div class=\"structured-component-spacer\">&nbsp;</div>\n</div>\n<div class=\"product-detail-extra-detail__section\" data-observer-key=\"materials\">\n<div class=\"structured-component-text-block-subtitle\"><span class=\"structured-component-text zds-heading-s\">CHẤT LIỆU</span></div>\n<div class=\"structured-component-text-block-paragraph\">&nbsp;</div>\n<div class=\"structured-component-spacer\">&nbsp;</div>\n<div class=\"structured-component-text-block-subtitle\"><span class=\"structured-component-text zds-heading-xs\">LỚP NGO&Agrave;I</span></div>\n<div class=\"structured-component-text-block-paragraph\"><span class=\"structured-component-text zds-body-m\">100% da b&ograve;</span></div>\n<div class=\"structured-component-spacer\">&nbsp;</div>\n</div>\n<div class=\"product-detail-extra-detail__section\" data-observer-key=\"care\">\n<div class=\"structured-component-text-block-subtitle\"><span class=\"structured-component-text zds-heading-s\">CHĂM S&Oacute;C</span></div>\n<div class=\"structured-component-spacer\">&nbsp;</div>\n<div class=\"structured-component-text-block-paragraph\"><span class=\"structured-component-text zds-body-m\">Chăm s&oacute;c đ&uacute;ng c&aacute;ch quần &aacute;o của m&igrave;nh tức l&agrave; bạn đang bảo vệ m&ocirc;i trường</span></div>\n<div class=\"structured-component-spacer\">&nbsp;</div>\n<div class=\"structured-component-text-block-paragraph\"><span class=\"structured-component-text zds-body-m\">Những thao t&aacute;c đơn giản như lau ch&ugrave;i sản phẩm bằng khăn b&ocirc;ng kh&ocirc; hoặc b&agrave;n chải mềm, t&ugrave;y thuộc v&agrave;o đặc t&iacute;nh của sản phẩm, cũng c&oacute; thể gi&uacute;p ch&uacute;ng ta chăm s&oacute;c ch&uacute;ng. Bất cứ khi n&agrave;o c&oacute; thể, h&atilde;y cố gắng sử dụng c&aacute;c sản phẩm th&acirc;n thiện với m&ocirc;i trường. <br><br><a class=\" link\" href=\"https://www.zara.com/vn/vi/sustainability-clothing-care-l3129.html?v1=1596204\" target=\"_blank\" rel=\"noopener\"><span class=\"structured-component-text\">Hướng dẫn bảo quản quần &aacute;o</span></a></span></div>\n<div class=\"structured-component-spacer\">&nbsp;</div>\n<ul class=\"structured-component-icon-list\">\n<li class=\"structured-component-icon-list__item\"><span class=\"structured-component-text zds-body-m\">Kh&ocirc;ng giặt</span></li>\n<li class=\"structured-component-icon-list__item\"><span class=\"structured-component-text zds-body-m\">Kh&ocirc;ng sử dụng nước tẩy / thuốc tẩy</span></li>\n<li class=\"structured-component-icon-list__item\"><span class=\"structured-component-text zds-body-m\">Kh&ocirc;ng l&agrave;</span></li>\n<li class=\"structured-component-icon-list__item\"><span class=\"structured-component-text zds-body-m\">Kh&ocirc;ng giặt kh&ocirc;</span></li>\n<li class=\"structured-component-icon-list__item\"><span class=\"structured-component-text zds-body-m\">Kh&ocirc;ng sử dụng m&aacute;y sấy</span></li>\n<li class=\"structured-component-icon-list__item\"><span class=\"structured-component-text zds-body-m\">L&agrave;m sạch bởi cơ sở chuy&ecirc;n nghiệp</span></li>\n</ul>\n<div class=\"structured-component-spacer\">&nbsp;</div>\n</div>\n<div class=\"product-detail-extra-detail__section\" data-observer-key=\"origin\">\n<div class=\"structured-component-text-block-subtitle\"><span class=\"structured-component-text zds-heading-s\">NGUỒN GỐC</span></div>\n<div class=\"structured-component-spacer\">&nbsp;</div>\n<div class=\"structured-component-text-block-paragraph\"><span class=\"structured-component-text zds-body-m\">Ch&uacute;ng t&ocirc;i c&oacute; c&aacute;c y&ecirc;u cầu truy xuất nguồn gốc để nắm r&otilde; chuỗi cung ứng trong qu&aacute; tr&igrave;nh sản xuất của m&igrave;nh. Ch&uacute;ng t&ocirc;i y&ecirc;u cầu c&aacute;c nh&agrave; cung cấp cung cấp th&ocirc;ng tin của tất cả c&aacute;c cơ sở tham gia v&agrave;o quy tr&igrave;nh sản xuất, từ c&aacute;c cơ sở sản xuất sợi chỉ hay sợi vải th&ocirc; (t&ugrave;y trường hợp) đến c&aacute;c cơ sở sản xuất sản phẩm cuối c&ugrave;ng cho mỗi đơn h&agrave;ng. Điều n&agrave;y &aacute;p dụng cho cả c&aacute;c nh&agrave; m&aacute;y nội bộ lẫn b&ecirc;n ngo&agrave;i, cũng như cho tất cả c&aacute;c b&ecirc;n trung gian tham gia v&agrave;o từng quy tr&igrave;nh.</span></div>\n<div class=\"structured-component-spacer\">&nbsp;</div>\n<div class=\"structured-component-text-block-paragraph\"><span class=\"structured-component-text zds-body-m\">Sản xuất tại T&acirc;y Ban Nha</span></div>\n</div>', 1299, 99, 4, 1, '2025-05-20 19:09:20', '2025-05-20 19:09:20'),
(20, 'VÒNG CỔ PHỐI DA', '<h1 class=\"product-detail-info__header-name\" data-qa-qualifier=\"product-detail-info-name\">V&Ograve;NG CỔ PHỐI DA</h1>\n<p>V&ograve;ng cổ gồm d&acirc;y giả da v&agrave; mắt x&iacute;ch kim loại mạ bạc 925 MM. C&agrave;i bằng m&oacute;c c&agrave;ng cua.<br><br>Chiều d&agrave;i: Trung b&igrave;nh.</p>\n<div class=\"product-detail-extra-detail__section\" data-observer-key=\"title\">\n<div class=\"structured-component-text-block-title\"><span class=\"structured-component-text zds-heading-s\">CHẤT LIỆU, C&Aacute;CH CHĂM S&Oacute;C &amp; NGUỒN GỐC</span></div>\n<div class=\"structured-component-spacer\">&nbsp;</div>\n</div>\n<div class=\"product-detail-extra-detail__section\" data-observer-key=\"materials\">\n<div class=\"structured-component-text-block-subtitle\"><span class=\"structured-component-text zds-heading-s\">CHẤT LIỆU</span></div>\n<div class=\"structured-component-text-block-paragraph\">&nbsp;</div>\n<div class=\"structured-component-spacer\">&nbsp;</div>\n<div class=\"structured-component-text-block-subtitle\"><span class=\"structured-component-text zds-heading-xs\">LỚP NGO&Agrave;I</span></div>\n<div class=\"structured-component-text-block-paragraph\"><span class=\"structured-component-text zds-body-m\">89% vải p&ocirc;liexte<br>10% kẽm<br>1% Bạc</span></div>\n<div class=\"structured-component-spacer\">&nbsp;</div>\n</div>\n<div class=\"product-detail-extra-detail__section\" data-observer-key=\"care\">\n<div class=\"structured-component-text-block-subtitle\"><span class=\"structured-component-text zds-heading-s\">CHĂM S&Oacute;C</span></div>\n<div class=\"structured-component-spacer\">&nbsp;</div>\n<div class=\"structured-component-text-block-paragraph\"><span class=\"structured-component-text zds-body-m\">Chăm s&oacute;c đ&uacute;ng c&aacute;ch quần &aacute;o của m&igrave;nh tức l&agrave; bạn đang bảo vệ m&ocirc;i trường</span></div>\n<div class=\"structured-component-spacer\">&nbsp;</div>\n<div class=\"structured-component-text-block-paragraph\"><span class=\"structured-component-text zds-body-m\">Những thao t&aacute;c đơn giản như lau ch&ugrave;i sản phẩm bằng khăn b&ocirc;ng kh&ocirc; hoặc b&agrave;n chải mềm, t&ugrave;y thuộc v&agrave;o đặc t&iacute;nh của sản phẩm, cũng c&oacute; thể gi&uacute;p ch&uacute;ng ta chăm s&oacute;c ch&uacute;ng. Bất cứ khi n&agrave;o c&oacute; thể, h&atilde;y cố gắng sử dụng c&aacute;c sản phẩm th&acirc;n thiện với m&ocirc;i trường. <br><br><a class=\" link\" href=\"https://www.zara.com/vn/vi/sustainability-clothing-care-l3129.html?v1=1596204\" target=\"_blank\" rel=\"noopener\"><span class=\"structured-component-text\">Hướng dẫn bảo quản quần &aacute;o</span></a></span></div>\n<div class=\"structured-component-spacer\">&nbsp;</div>\n<ul class=\"structured-component-icon-list\">\n<li class=\"structured-component-icon-list__item\"><img class=\"structured-component-icon-list__item-icon\" src=\"https://static.zara.net//assets/public/fad0/fd6f/680d44ddbf3b/623a3e540eb1/iconos_mendue-9.svg?ts=1730714831474\" alt=\"\"><span class=\"structured-component-text zds-body-m\">Kh&ocirc;ng giặt</span></li>\n<li class=\"structured-component-icon-list__item\"><img class=\"structured-component-icon-list__item-icon\" src=\"https://static.zara.net//assets/public/fad0/fd6f/680d44ddbf3b/623a3e540eb1/iconos_mendue-14.svg?ts=1730714831474\" alt=\"\"><span class=\"structured-component-text zds-body-m\">Kh&ocirc;ng sử dụng nước tẩy / thuốc tẩy</span></li>\n<li class=\"structured-component-icon-list__item\"><img class=\"structured-component-icon-list__item-icon\" src=\"https://static.zara.net//assets/public/fad0/fd6f/680d44ddbf3b/623a3e540eb1/iconos_mendue-19.svg?ts=1730714831474\" alt=\"\"><span class=\"structured-component-text zds-body-m\">Kh&ocirc;ng l&agrave;</span></li>\n<li class=\"structured-component-icon-list__item\"><img class=\"structured-component-icon-list__item-icon\" src=\"https://static.zara.net//assets/public/fad0/fd6f/680d44ddbf3b/623a3e540eb1/iconos_mendue-28.svg?ts=1730714831474\" alt=\"\"><span class=\"structured-component-text zds-body-m\">Kh&ocirc;ng giặt kh&ocirc;</span></li>\n<li class=\"structured-component-icon-list__item\"><img class=\"structured-component-icon-list__item-icon\" src=\"https://static.zara.net//assets/public/fad0/fd6f/680d44ddbf3b/623a3e540eb1/iconos_mendue-35.svg?ts=1730714831474\" alt=\"\"><span class=\"structured-component-text zds-body-m\">Kh&ocirc;ng sử dụng m&aacute;y sấy</span></li>\n</ul>\n<div class=\"structured-component-spacer\">&nbsp;</div>\n</div>\n<div class=\"product-detail-extra-detail__section\" data-observer-key=\"origin\">\n<div class=\"structured-component-text-block-subtitle\"><span class=\"structured-component-text zds-heading-s\">NGUỒN GỐC</span></div>\n<div class=\"structured-component-spacer\">&nbsp;</div>\n<div class=\"structured-component-text-block-paragraph\"><span class=\"structured-component-text zds-body-m\">Ch&uacute;ng t&ocirc;i c&oacute; c&aacute;c y&ecirc;u cầu truy xuất nguồn gốc để nắm r&otilde; chuỗi cung ứng trong qu&aacute; tr&igrave;nh sản xuất của m&igrave;nh. Ch&uacute;ng t&ocirc;i y&ecirc;u cầu c&aacute;c nh&agrave; cung cấp cung cấp th&ocirc;ng tin của tất cả c&aacute;c cơ sở tham gia v&agrave;o quy tr&igrave;nh sản xuất, từ c&aacute;c cơ sở sản xuất sợi chỉ hay sợi vải th&ocirc; (t&ugrave;y trường hợp) đến c&aacute;c cơ sở sản xuất sản phẩm cuối c&ugrave;ng cho mỗi đơn h&agrave;ng. Điều n&agrave;y &aacute;p dụng cho cả c&aacute;c nh&agrave; m&aacute;y nội bộ lẫn b&ecirc;n ngo&agrave;i, cũng như cho tất cả c&aacute;c b&ecirc;n trung gian tham gia v&agrave;o từng quy tr&igrave;nh.</span></div>\n<div class=\"structured-component-spacer\">&nbsp;</div>\n<div class=\"structured-component-text-block-paragraph\"><span class=\"structured-component-text zds-body-m\">Sản xuất tại Trung Quốc</span></div>\n</div>', 799, 99, 4, 1, '2025-05-20 19:10:27', '2025-05-20 19:10:27'),
(21, 'KÍNH MÁT GỌNG HÌNH CHỮ NHẬT', '<h1 class=\"product-detail-info__header-name\" data-qa-qualifier=\"product-detail-info-name\">K&Iacute;NH M&Aacute;T GỌNG H&Igrave;NH CHỮ NHẬT</h1>\n<p>K&iacute;nh m&aacute;t c&oacute; gọng h&igrave;nh chữ nhật nhỏ bằng nhựa acetate. Mắt k&iacute;nh ph&acirc;n cực. K&egrave;m bao đựng.<br><br>Bảo vệ khỏi tia UV/UVA 400. Bộ lọc hạng 3.</p>\n<div class=\"product-detail-extra-detail__section\" data-observer-key=\"title\">\n<div class=\"structured-component-text-block-title\"><span class=\"structured-component-text zds-heading-s\">CHẤT LIỆU, C&Aacute;CH CHĂM S&Oacute;C &amp; NGUỒN GỐC</span></div>\n<div class=\"structured-component-spacer\">&nbsp;</div>\n</div>\n<div class=\"product-detail-extra-detail__section\" data-observer-key=\"materials\">\n<div class=\"structured-component-text-block-subtitle\"><span class=\"structured-component-text zds-heading-s\">CHẤT LIỆU</span></div>\n<div class=\"structured-component-text-block-paragraph\">&nbsp;</div>\n<div class=\"structured-component-spacer\">&nbsp;</div>\n<div class=\"structured-component-text-block-subtitle\"><span class=\"structured-component-text zds-heading-xs\">LỚP NGO&Agrave;I</span></div>\n<div class=\"structured-component-text-block-subtitle\"><span class=\"structured-component-text zds-heading-xs\">KHUNG</span></div>\n<div class=\"structured-component-text-block-paragraph\"><span class=\"structured-component-text zds-body-m\">100% ax&ecirc;tat</span></div>\n<div class=\"structured-component-text-block-subtitle\"><span class=\"structured-component-text zds-heading-xs\">ỐNG K&Iacute;NH</span></div>\n<div class=\"structured-component-text-block-paragraph\"><span class=\"structured-component-text zds-body-m\">100% triacetate cellulose</span></div>\n<div class=\"structured-component-spacer\">&nbsp;</div>\n</div>\n<div class=\"product-detail-extra-detail__section\" data-observer-key=\"conformityDeclaration\">\n<div class=\"structured-component-text-block-paragraph\"><span class=\"structured-component-text zds-body-m\"><a class=\"underline\" href=\"https://static.inditex.com/conformity-declaration/zara/index.html?ref=2750405800\" target=\"_blank\" rel=\"noopener\">Truy cập v&agrave;o tuy&ecirc;n bố về sự ph&ugrave; hợp</a></span></div>\n<div class=\"structured-component-spacer\">&nbsp;</div>\n</div>\n<div class=\"product-detail-extra-detail__section\" data-observer-key=\"care\">\n<div class=\"structured-component-text-block-subtitle\"><span class=\"structured-component-text zds-heading-s\">CHĂM S&Oacute;C</span></div>\n<div class=\"structured-component-spacer\">&nbsp;</div>\n<div class=\"structured-component-text-block-paragraph\"><span class=\"structured-component-text zds-body-m\">Chăm s&oacute;c đ&uacute;ng c&aacute;ch quần &aacute;o của m&igrave;nh tức l&agrave; bạn đang bảo vệ m&ocirc;i trường</span></div>\n<div class=\"structured-component-spacer\">&nbsp;</div>\n<div class=\"structured-component-text-block-paragraph\"><span class=\"structured-component-text zds-body-m\">Những thao t&aacute;c đơn giản như lau ch&ugrave;i sản phẩm bằng khăn b&ocirc;ng kh&ocirc; hoặc b&agrave;n chải mềm, t&ugrave;y thuộc v&agrave;o đặc t&iacute;nh của sản phẩm, cũng c&oacute; thể gi&uacute;p ch&uacute;ng ta chăm s&oacute;c ch&uacute;ng. Bất cứ khi n&agrave;o c&oacute; thể, h&atilde;y cố gắng sử dụng c&aacute;c sản phẩm th&acirc;n thiện với m&ocirc;i trường. <br><br><a class=\" link\" href=\"https://www.zara.com/vn/vi/sustainability-clothing-care-l3129.html?v1=1596204\" target=\"_blank\" rel=\"noopener\"><span class=\"structured-component-text\">Hướng dẫn bảo quản quần &aacute;o</span></a></span></div>\n<div class=\"structured-component-spacer\">&nbsp;</div>\n<ul class=\"structured-component-icon-list\">\n<li class=\"structured-component-icon-list__item\"><img class=\"structured-component-icon-list__item-icon\" src=\"https://static.zara.net//assets/public/fad0/fd6f/680d44ddbf3b/623a3e540eb1/iconos_mendue-9.svg?ts=1730714831474\" alt=\"\"><span class=\"structured-component-text zds-body-m\">Kh&ocirc;ng giặt</span></li>\n<li class=\"structured-component-icon-list__item\"><img class=\"structured-component-icon-list__item-icon\" src=\"https://static.zara.net//assets/public/fad0/fd6f/680d44ddbf3b/623a3e540eb1/iconos_mendue-14.svg?ts=1730714831474\" alt=\"\"><span class=\"structured-component-text zds-body-m\">Kh&ocirc;ng sử dụng nước tẩy / thuốc tẩy</span></li>\n<li class=\"structured-component-icon-list__item\"><img class=\"structured-component-icon-list__item-icon\" src=\"https://static.zara.net//assets/public/fad0/fd6f/680d44ddbf3b/623a3e540eb1/iconos_mendue-19.svg?ts=1730714831474\" alt=\"\"><span class=\"structured-component-text zds-body-m\">Kh&ocirc;ng l&agrave;</span></li>\n<li class=\"structured-component-icon-list__item\"><img class=\"structured-component-icon-list__item-icon\" src=\"https://static.zara.net//assets/public/fad0/fd6f/680d44ddbf3b/623a3e540eb1/iconos_mendue-28.svg?ts=1730714831474\" alt=\"\"><span class=\"structured-component-text zds-body-m\">Kh&ocirc;ng giặt kh&ocirc;</span></li>\n<li class=\"structured-component-icon-list__item\"><img class=\"structured-component-icon-list__item-icon\" src=\"https://static.zara.net//assets/public/fad0/fd6f/680d44ddbf3b/623a3e540eb1/iconos_mendue-35.svg?ts=1730714831474\" alt=\"\"><span class=\"structured-component-text zds-body-m\">Kh&ocirc;ng sử dụng m&aacute;y sấy</span></li>\n</ul>\n<div class=\"structured-component-spacer\">&nbsp;</div>\n</div>\n<div class=\"product-detail-extra-detail__section\" data-observer-key=\"origin\">\n<div class=\"structured-component-text-block-subtitle\"><span class=\"structured-component-text zds-heading-s\">NGUỒN GỐC</span></div>\n<div class=\"structured-component-spacer\">&nbsp;</div>\n<div class=\"structured-component-text-block-paragraph\"><span class=\"structured-component-text zds-body-m\">Ch&uacute;ng t&ocirc;i c&oacute; c&aacute;c y&ecirc;u cầu truy xuất nguồn gốc để nắm r&otilde; chuỗi cung ứng trong qu&aacute; tr&igrave;nh sản xuất của m&igrave;nh. Ch&uacute;ng t&ocirc;i y&ecirc;u cầu c&aacute;c nh&agrave; cung cấp cung cấp th&ocirc;ng tin của tất cả c&aacute;c cơ sở tham gia v&agrave;o quy tr&igrave;nh sản xuất, từ c&aacute;c cơ sở sản xuất sợi chỉ hay sợi vải th&ocirc; (t&ugrave;y trường hợp) đến c&aacute;c cơ sở sản xuất sản phẩm cuối c&ugrave;ng cho mỗi đơn h&agrave;ng. Điều n&agrave;y &aacute;p dụng cho cả c&aacute;c nh&agrave; m&aacute;y nội bộ lẫn b&ecirc;n ngo&agrave;i, cũng như cho tất cả c&aacute;c b&ecirc;n trung gian tham gia v&agrave;o từng quy tr&igrave;nh.</span></div>\n<div class=\"structured-component-spacer\">&nbsp;</div>\n<div class=\"structured-component-text-block-paragraph\"><span class=\"structured-component-text zds-body-m\">Sản xuất tại Trung Quốc</span></div>\n</div>', 1999, 121, 4, 1, '2025-05-20 19:11:47', '2025-05-20 19:11:47'),
(22, 'QUẦN 100% VẢI LINEN', '<h1 class=\"product-detail-info__header-name\" data-qa-qualifier=\"product-detail-info-name\">QUẦN 100% VẢI LINEN</h1>\n<p>Quần vải linen, d&aacute;ng relaxed fit. Cạp điều chỉnh bằng d&acirc;y r&uacute;t. C&oacute; hai t&uacute;i ở ph&iacute;a trước v&agrave; hai t&uacute;i đ&aacute;p ở ph&iacute;a sau.</p>\n<div class=\"product-detail-extra-detail__section\" data-observer-key=\"title\">\n<div class=\"structured-component-text-block-title\"><span class=\"structured-component-text zds-heading-s\">CHẤT LIỆU, C&Aacute;CH CHĂM S&Oacute;C &amp; NGUỒN GỐC</span></div>\n<div class=\"structured-component-spacer\">&nbsp;</div>\n</div>\n<div class=\"product-detail-extra-detail__section\" data-observer-key=\"materials\">\n<div class=\"structured-component-text-block-subtitle\"><span class=\"structured-component-text zds-heading-s\">CHẤT LIỆU</span></div>\n<div class=\"structured-component-text-block-paragraph\">&nbsp;</div>\n<div class=\"structured-component-spacer\">&nbsp;</div>\n<div class=\"structured-component-text-block-subtitle\"><span class=\"structured-component-text zds-heading-xs\">LỚP NGO&Agrave;I</span></div>\n<div class=\"structured-component-text-block-paragraph\"><span class=\"structured-component-text zds-body-m\">100% vải lanh</span></div>\n<div class=\"structured-component-spacer\">&nbsp;</div>\n</div>\n<div class=\"product-detail-extra-detail__section\" data-observer-key=\"recycledMaterials\">\n<div class=\"structured-component-text-block-paragraph\"><span class=\"structured-component-text zds-body-m\">C&oacute; &iacute;t nhất:</span></div>\n<div class=\"structured-component-spacer\">&nbsp;</div>\n<div class=\"structured-component-text-block-subtitle\"><span class=\"structured-component-text zds-heading-xs\">LỚP NGO&Agrave;I</span></div>\n<div class=\"structured-component-text-block-paragraph\"><span class=\"structured-component-text zds-body-m\">100% sợi linen ch&acirc;u &Acirc;u được chứng nhận</span></div>\n<div class=\"structured-component-spacer\">&nbsp;</div>\n</div>\n<div class=\"product-detail-extra-detail__section\" data-observer-key=\"certifiedMaterials\">\n<div class=\"structured-component-text-block-subtitle\"><span class=\"structured-component-text zds-heading-s\">NGUY&Ecirc;N LIỆU ĐƯỢC CHỨNG NHẬN</span></div>\n<div class=\"structured-component-spacer\">&nbsp;</div>\n<div class=\"structured-component-text-block-subtitle\"><span class=\"structured-component-text zds-heading-xs\">SỢI LINEN CH&Acirc;U &Acirc;U ĐƯỢC CHỨNG NHẬN</span></div>\n<div class=\"structured-component-text-block-paragraph\"><span class=\"structured-component-text zds-body-m\">C&acirc;y lanh ở ch&acirc;u &Acirc;u được gieo trồng m&agrave; kh&ocirc;ng sử dụng c&aacute;c hạt giống biến đổi gen v&agrave; hạn chế sử dụng thuốc trừ s&acirc;u v&agrave; ph&acirc;n b&oacute;n. Sản xuất tại T&acirc;y &Acirc;u, với to&agrave;n bộ chuỗi gi&aacute; trị được theo d&otilde;i để đảm bảo tu&acirc;n thủ ti&ecirc;u chuẩn EUROPEAN FLAX&trade; của Li&ecirc;n minh Sợi Linen v&agrave; Sợi Gai dầu ch&acirc;u &Acirc;u (<em>Alliance for European Flax-Linen and Hemp</em>).</span></div>\n<div class=\"structured-component-spacer\">&nbsp;</div>\n</div>\n<div class=\"product-detail-extra-detail__section\" data-observer-key=\"care\">\n<div class=\"structured-component-text-block-subtitle\"><span class=\"structured-component-text zds-heading-s\">CHĂM S&Oacute;C</span></div>\n<div class=\"structured-component-spacer\">&nbsp;</div>\n<div class=\"structured-component-text-block-paragraph\"><span class=\"structured-component-text zds-body-m\">Chăm s&oacute;c đ&uacute;ng c&aacute;ch quần &aacute;o của m&igrave;nh tức l&agrave; bạn đang bảo vệ m&ocirc;i trường</span></div>\n<div class=\"structured-component-spacer\">&nbsp;</div>\n<div class=\"structured-component-text-block-paragraph\"><span class=\"structured-component-text zds-body-m\">Giặt ở nhiệt độ thấp v&agrave; sử dụng c&aacute;c chế độ vắt nhẹ nh&agrave;ng sẽ c&oacute; lợi hơn cho quần &aacute;o, gi&uacute;p duy tr&igrave; m&agrave;u sắc, h&igrave;nh dạng v&agrave; cấu tr&uacute;c của vải. Đồng thời gi&uacute;p l&agrave;m giảm lượng năng lượng ti&ecirc;u thụ trong c&aacute;c qu&aacute; tr&igrave;nh chăm s&oacute;c. <br><br><a class=\" link\" href=\"https://www.zara.com/vn/vi/sustainability-clothing-care-l3129.html?v1=1596204\" target=\"_blank\" rel=\"noopener\"><span class=\"structured-component-text\">Hướng dẫn bảo quản quần &aacute;o</span></a></span></div>\n<div class=\"structured-component-spacer\">&nbsp;</div>\n<ul class=\"structured-component-icon-list\">\n<li class=\"structured-component-icon-list__item\"><span class=\"structured-component-text zds-body-m\">Giặt m&aacute;y ở nhiệt độ tối đa 30&ordm;C, vắt ở tốc độ thấp</span></li>\n<li class=\"structured-component-icon-list__item\"><span class=\"structured-component-text zds-body-m\">Kh&ocirc;ng sử dụng nước tẩy / thuốc tẩy</span></li>\n<li class=\"structured-component-icon-list__item\"><span class=\"structured-component-text zds-body-m\">Giặt ở nhiệt độ tối đa 110&ordm;C&nbsp;</span></li>\n<li class=\"structured-component-icon-list__item\"><span class=\"structured-component-text zds-body-m\">Giặt kh&ocirc; với tetrachloroethylene</span></li>\n<li class=\"structured-component-icon-list__item\"><span class=\"structured-component-text zds-body-m\">Kh&ocirc;ng sử dụng m&aacute;y sấy</span></li>\n</ul>\n<div class=\"structured-component-spacer\">&nbsp;</div>\n</div>\n<div class=\"product-detail-extra-detail__section\" data-observer-key=\"origin\">\n<div class=\"structured-component-text-block-subtitle\"><span class=\"structured-component-text zds-heading-s\">NGUỒN GỐC</span></div>\n<div class=\"structured-component-spacer\">&nbsp;</div>\n<div class=\"structured-component-text-block-paragraph\"><span class=\"structured-component-text zds-body-m\">Ch&uacute;ng t&ocirc;i c&oacute; c&aacute;c y&ecirc;u cầu truy xuất nguồn gốc để nắm r&otilde; chuỗi cung ứng trong qu&aacute; tr&igrave;nh sản xuất của m&igrave;nh. Ch&uacute;ng t&ocirc;i y&ecirc;u cầu c&aacute;c nh&agrave; cung cấp cung cấp th&ocirc;ng tin của tất cả c&aacute;c cơ sở tham gia v&agrave;o quy tr&igrave;nh sản xuất, từ c&aacute;c cơ sở sản xuất sợi chỉ hay sợi vải th&ocirc; (t&ugrave;y trường hợp) đến c&aacute;c cơ sở sản xuất sản phẩm cuối c&ugrave;ng cho mỗi đơn h&agrave;ng. Điều n&agrave;y &aacute;p dụng cho cả c&aacute;c nh&agrave; m&aacute;y nội bộ lẫn b&ecirc;n ngo&agrave;i, cũng như cho tất cả c&aacute;c b&ecirc;n trung gian tham gia v&agrave;o từng quy tr&igrave;nh.<br><br>Sản phẩm n&agrave;y được sản xuất với c&aacute;c nguồn gốc như sau:</span></div>\n<div class=\"structured-component-spacer\">&nbsp;</div>\n<div class=\"structured-component-text-block-paragraph\"><span class=\"structured-component-text zds-body-m\">Sản xuất tại Bangladesh</span></div>\n<div class=\"structured-component-spacer\">&nbsp;</div>\n<div class=\"structured-component-text-block-paragraph\"><span class=\"structured-component-text zds-body-m\">Sản xuất tại Trung Quốc</span></div>\n<div class=\"structured-component-spacer\">&nbsp;</div>\n<div class=\"structured-component-text-block-paragraph\"><span class=\"structured-component-text zds-body-m\">Sản xuất tại Campuchia</span></div>\n</div>', 1799, 297, 2, 1, '2025-05-20 19:16:13', '2025-05-22 03:09:48'),
(23, 'QUẦN REGULAR FIT 100% LINEN', '<h1 class=\"product-detail-info__header-name\" data-qa-qualifier=\"product-detail-info-name\">QUẦN REGULAR FIT 100% LINEN</h1>\n<p>Quần vải linen, d&aacute;ng regular fit. Cạp co gi&atilde;n, điều chỉnh bằng d&acirc;y r&uacute;t. Phối chi tiết xếp li ph&iacute;a trước. C&oacute; hai t&uacute;i ph&iacute;a trước v&agrave; hai t&uacute;i đ&aacute;p ph&iacute;a sau.</p>\n<div class=\"product-detail-extra-detail__section\" data-observer-key=\"title\">\n<div class=\"structured-component-text-block-title\"><span class=\"structured-component-text zds-heading-s\">CHẤT LIỆU, C&Aacute;CH CHĂM S&Oacute;C &amp; NGUỒN GỐC</span></div>\n<div class=\"structured-component-spacer\">&nbsp;</div>\n</div>\n<div class=\"product-detail-extra-detail__section\" data-observer-key=\"materials\">\n<div class=\"structured-component-text-block-subtitle\"><span class=\"structured-component-text zds-heading-s\">CHẤT LIỆU</span></div>\n<div class=\"structured-component-text-block-paragraph\">&nbsp;</div>\n<div class=\"structured-component-spacer\">&nbsp;</div>\n<div class=\"structured-component-text-block-subtitle\"><span class=\"structured-component-text zds-heading-xs\">LỚP NGO&Agrave;I</span></div>\n<div class=\"structured-component-text-block-paragraph\"><span class=\"structured-component-text zds-body-m\">100% vải lanh</span></div>\n<div class=\"structured-component-spacer\">&nbsp;</div>\n</div>\n<div class=\"product-detail-extra-detail__section\" data-observer-key=\"recycledMaterials\">\n<div class=\"structured-component-text-block-paragraph\"><span class=\"structured-component-text zds-body-m\">C&oacute; &iacute;t nhất:</span></div>\n<div class=\"structured-component-spacer\">&nbsp;</div>\n<div class=\"structured-component-text-block-subtitle\"><span class=\"structured-component-text zds-heading-xs\">LỚP NGO&Agrave;I</span></div>\n<div class=\"structured-component-text-block-paragraph\"><span class=\"structured-component-text zds-body-m\">100% sợi linen ch&acirc;u &Acirc;u được chứng nhận</span></div>\n<div class=\"structured-component-spacer\">&nbsp;</div>\n</div>\n<div class=\"product-detail-extra-detail__section\" data-observer-key=\"certifiedMaterials\">\n<div class=\"structured-component-text-block-subtitle\"><span class=\"structured-component-text zds-heading-s\">NGUY&Ecirc;N LIỆU ĐƯỢC CHỨNG NHẬN</span></div>\n<div class=\"structured-component-spacer\">&nbsp;</div>\n<div class=\"structured-component-text-block-subtitle\"><span class=\"structured-component-text zds-heading-xs\">SỢI LINEN CH&Acirc;U &Acirc;U ĐƯỢC CHỨNG NHẬN</span></div>\n<div class=\"structured-component-text-block-paragraph\"><span class=\"structured-component-text zds-body-m\">C&acirc;y lanh ở ch&acirc;u &Acirc;u được gieo trồng m&agrave; kh&ocirc;ng sử dụng c&aacute;c hạt giống biến đổi gen v&agrave; hạn chế sử dụng thuốc trừ s&acirc;u v&agrave; ph&acirc;n b&oacute;n. Sản xuất tại T&acirc;y &Acirc;u, với to&agrave;n bộ chuỗi gi&aacute; trị được theo d&otilde;i để đảm bảo tu&acirc;n thủ ti&ecirc;u chuẩn EUROPEAN FLAX&trade; của Li&ecirc;n minh Sợi Linen v&agrave; Sợi Gai dầu ch&acirc;u &Acirc;u (<em>Alliance for European Flax-Linen and Hemp</em>).</span></div>\n<div class=\"structured-component-spacer\">&nbsp;</div>\n</div>\n<div class=\"product-detail-extra-detail__section\" data-observer-key=\"care\">\n<div class=\"structured-component-text-block-subtitle\"><span class=\"structured-component-text zds-heading-s\">CHĂM S&Oacute;C</span></div>\n<div class=\"structured-component-spacer\">&nbsp;</div>\n<div class=\"structured-component-text-block-paragraph\"><span class=\"structured-component-text zds-body-m\">Chăm s&oacute;c đ&uacute;ng c&aacute;ch quần &aacute;o của m&igrave;nh tức l&agrave; bạn đang bảo vệ m&ocirc;i trường</span></div>\n<div class=\"structured-component-spacer\">&nbsp;</div>\n<div class=\"structured-component-text-block-paragraph\"><span class=\"structured-component-text zds-body-m\">Giặt ở nhiệt độ thấp v&agrave; sử dụng c&aacute;c chế độ vắt nhẹ nh&agrave;ng sẽ c&oacute; lợi hơn cho quần &aacute;o, gi&uacute;p duy tr&igrave; m&agrave;u sắc, h&igrave;nh dạng v&agrave; cấu tr&uacute;c của vải. Đồng thời gi&uacute;p l&agrave;m giảm lượng năng lượng ti&ecirc;u thụ trong c&aacute;c qu&aacute; tr&igrave;nh chăm s&oacute;c. <br><br><a class=\" link\" href=\"https://www.zara.com/vn/vi/sustainability-clothing-care-l3129.html?v1=1596204\" target=\"_blank\" rel=\"noopener\"><span class=\"structured-component-text\">Hướng dẫn bảo quản quần &aacute;o</span></a></span></div>\n<div class=\"structured-component-spacer\">&nbsp;</div>\n<ul class=\"structured-component-icon-list\">\n<li class=\"structured-component-icon-list__item\"><span class=\"structured-component-text zds-body-m\">Giặt m&aacute;y ở nhiệt độ tối đa 30&ordm;C, vắt ở tốc độ thấp</span></li>\n<li class=\"structured-component-icon-list__item\"><span class=\"structured-component-text zds-body-m\">Kh&ocirc;ng sử dụng nước tẩy / thuốc tẩy</span></li>\n<li class=\"structured-component-icon-list__item\"><span class=\"structured-component-text zds-body-m\">Giặt ở nhiệt độ tối đa 110&ordm;C&nbsp;</span></li>\n<li class=\"structured-component-icon-list__item\"><span class=\"structured-component-text zds-body-m\">Giặt kh&ocirc; với tetrachloroethylene</span></li>\n<li class=\"structured-component-icon-list__item\"><span class=\"structured-component-text zds-body-m\">Kh&ocirc;ng sử dụng m&aacute;y sấy</span></li>\n</ul>\n<div class=\"structured-component-spacer\">&nbsp;</div>\n</div>\n<div class=\"product-detail-extra-detail__section\" data-observer-key=\"origin\">\n<div class=\"structured-component-text-block-subtitle\"><span class=\"structured-component-text zds-heading-s\">NGUỒN GỐC</span></div>\n<div class=\"structured-component-spacer\">&nbsp;</div>\n<div class=\"structured-component-text-block-paragraph\"><span class=\"structured-component-text zds-body-m\">Ch&uacute;ng t&ocirc;i c&oacute; c&aacute;c y&ecirc;u cầu truy xuất nguồn gốc để nắm r&otilde; chuỗi cung ứng trong qu&aacute; tr&igrave;nh sản xuất của m&igrave;nh. Ch&uacute;ng t&ocirc;i y&ecirc;u cầu c&aacute;c nh&agrave; cung cấp cung cấp th&ocirc;ng tin của tất cả c&aacute;c cơ sở tham gia v&agrave;o quy tr&igrave;nh sản xuất, từ c&aacute;c cơ sở sản xuất sợi chỉ hay sợi vải th&ocirc; (t&ugrave;y trường hợp) đến c&aacute;c cơ sở sản xuất sản phẩm cuối c&ugrave;ng cho mỗi đơn h&agrave;ng. Điều n&agrave;y &aacute;p dụng cho cả c&aacute;c nh&agrave; m&aacute;y nội bộ lẫn b&ecirc;n ngo&agrave;i, cũng như cho tất cả c&aacute;c b&ecirc;n trung gian tham gia v&agrave;o từng quy tr&igrave;nh.<br><br>Sản phẩm n&agrave;y được sản xuất với c&aacute;c nguồn gốc như sau:</span></div>\n<div class=\"structured-component-spacer\">&nbsp;</div>\n<div class=\"structured-component-text-block-paragraph\"><span class=\"structured-component-text zds-body-m\">Sản xuất tại Trung Quốc</span></div>\n<div class=\"structured-component-spacer\">&nbsp;</div>\n<div class=\"structured-component-text-block-paragraph\"><span class=\"structured-component-text zds-body-m\">Sản xuất tại Campuchia</span></div>\n</div>', 1799, 297, 2, 1, '2025-05-20 19:18:56', '2025-05-20 19:18:56'),
(24, 'QUẦN ÂU THEO BỘ SUIT VẢI DỆT XƯƠNG CÁ', '<h1 class=\"product-detail-info__header-name\" data-qa-qualifier=\"product-detail-info-name\">QUẦN &Acirc;U THEO BỘ SUIT VẢI DỆT XƯƠNG C&Aacute;</h1>\n<p>Quần d&aacute;ng regular fit. C&oacute; hai t&uacute;i ph&iacute;a trước v&agrave; hai t&uacute;i may viền c&agrave;i khuy ph&iacute;a sau. C&agrave;i ph&iacute;a trước bằng kh&oacute;a k&eacute;o v&agrave; khuy.</p>\n<div class=\"product-detail-extra-detail__section\" data-observer-key=\"title\">\n<div class=\"structured-component-text-block-title\"><span class=\"structured-component-text zds-heading-s\">CHẤT LIỆU, C&Aacute;CH CHĂM S&Oacute;C &amp; NGUỒN GỐC</span></div>\n<div class=\"structured-component-spacer\">&nbsp;</div>\n</div>\n<div class=\"product-detail-extra-detail__section\" data-observer-key=\"materials\">\n<div class=\"structured-component-text-block-subtitle\"><span class=\"structured-component-text zds-heading-s\">CHẤT LIỆU</span></div>\n<div class=\"structured-component-text-block-paragraph\">&nbsp;</div>\n<div class=\"structured-component-spacer\">&nbsp;</div>\n<div class=\"structured-component-text-block-subtitle\"><span class=\"structured-component-text zds-heading-xs\">LỚP NGO&Agrave;I</span></div>\n<div class=\"structured-component-text-block-paragraph\"><span class=\"structured-component-text zds-body-m\">53% vải p&ocirc;liexte<br>25% len<br>22% vải thun vitc&ocirc;</span></div>\n<div class=\"structured-component-spacer\">&nbsp;</div>\n</div>\n<div class=\"product-detail-extra-detail__section\" data-observer-key=\"recycledMaterials\">\n<div class=\"structured-component-text-block-paragraph\"><span class=\"structured-component-text zds-body-m\">C&oacute; &iacute;t nhất:</span></div>\n<div class=\"structured-component-spacer\">&nbsp;</div>\n<div class=\"structured-component-text-block-subtitle\"><span class=\"structured-component-text zds-heading-xs\">LỚP NGO&Agrave;I</span></div>\n<div class=\"structured-component-text-block-paragraph\"><span class=\"structured-component-text zds-body-m\">25% len RWS được chứng nhận</span></div>\n<div class=\"structured-component-text-block-paragraph\"><span class=\"structured-component-text zds-body-m\">53% sợi polyester t&aacute;i chế đạt chứng nhận RCS</span></div>\n<div class=\"structured-component-spacer\">&nbsp;</div>\n</div>\n<div class=\"product-detail-extra-detail__section\" data-observer-key=\"certifiedMaterials\">\n<div class=\"structured-component-text-block-subtitle\"><span class=\"structured-component-text zds-heading-s\">NGUY&Ecirc;N LIỆU ĐƯỢC CHỨNG NHẬN</span></div>\n<div class=\"structured-component-spacer\">&nbsp;</div>\n<div class=\"structured-component-text-block-subtitle\"><span class=\"structured-component-text zds-heading-xs\">LEN RWS ĐƯỢC CHỨNG NHẬN</span></div>\n<div class=\"structured-component-text-block-paragraph\"><span class=\"structured-component-text zds-body-m\">Ch&uacute;ng t&ocirc;i hợp t&aacute;c với c&aacute;c tổ chức chuy&ecirc;n gi&aacute;m s&aacute;t c&aacute;c phương ph&aacute;p nhằm đảm bảo ph&uacute;c lợi động vật, từ trang trại đến khi lấy sợi, theo c&aacute;c ti&ecirc;u chuẩn khắt khe như Ti&ecirc;u chuẩn Len c&oacute; tr&aacute;ch nhiệm x&atilde; hội (Responsible Wool Standard, RWS).</span></div>\n<div class=\"structured-component-spacer\">&nbsp;</div>\n<div class=\"structured-component-text-block-paragraph\"><span class=\"structured-component-text zds-body-m\">Chứng nhận bởi Intertek 193341</span></div>\n<a class=\"link\" tabindex=\"0\" href=\"https://www.zara.com/vn/vi/sostenibilidad-web-verde-l1453.html?v1=2247135\" data-qa-action=\"structured-component-link\"><span class=\"structured-component-text zds-body-m\">Th&ecirc;m th&ocirc;ng tin</span></a>\n<div class=\"structured-component-spacer\">&nbsp;</div>\n<div class=\"structured-component-text-block-subtitle\"><span class=\"structured-component-text zds-heading-xs\">SỢI POLYESTER T&Aacute;I CHẾ ĐẠT CHỨNG NHẬN RCS</span></div>\n<div class=\"structured-component-text-block-paragraph\"><span class=\"structured-component-text zds-body-m\">Ng&agrave;y nay, sợi polyester t&aacute;i chế được sản xuất chủ yếu từ r&aacute;c thải nhựa PET. Đ&acirc;y l&agrave; một loại nhựa được sử dụng rộng r&atilde;i trong nhiều sản phẩm, chẳng hạn như c&aacute;c chai nhựa. Việc sử dụng c&aacute;c chất liệu t&aacute;i chế gi&uacute;p hạn chế lượng sợi polyester nguy&ecirc;n chất phải sản xuất. Đạt chứng nhận Recycled Claim Standard (RCS). Ti&ecirc;u chuẩn n&agrave;y gi&uacute;p x&aacute;c minh h&agrave;m lượng t&aacute;i chế v&agrave; theo d&otilde;i quy tr&igrave;nh sản xuất, từ kh&acirc;u nguy&ecirc;n liệu đầu v&agrave;o cho tới sản phẩm cuối c&ugrave;ng.</span></div>\n<div class=\"structured-component-spacer\">&nbsp;</div>\n<div class=\"structured-component-text-block-paragraph\"><span class=\"structured-component-text zds-body-m\">Chứng nhận bởi Intertek 193341</span></div>\n<a class=\"link\" tabindex=\"0\" href=\"https://www.zara.com/vn/vi/sostenibilidad-web-verde-l1453.html?v1=2247135\" data-qa-action=\"structured-component-link\"><span class=\"structured-component-text zds-body-m\">Th&ecirc;m th&ocirc;ng tin</span></a>\n<div class=\"structured-component-spacer\">&nbsp;</div>\n<div class=\"media structured-component-media\">\n<div class=\"media__wrapper media__wrapper--fill\">\n<div class=\"media-video media__wrapper--media\">\n<div class=\"media-video__player\"><video class=\"media-video__video\" poster=\"https://static.zara.net/photos///mkt/2022/9/aw22-join-life-materials/recycled_polyester/w/632/recycled_polyester_0.jpg?ts=1663859709952\" loop=\"loop\"></video>\n<div class=\"media-video__controls\" dir=\"ltr\">\n<div class=\"media-video__controls-top\">&nbsp;</div>\n<div class=\"media-video__controls-bottom\">\n<div class=\"media-video__controls-left\">&nbsp;</div>\n<div class=\"media-video__controls-right\">&nbsp;</div>\n</div>\n</div>\n</div>\n</div>\n</div>\n</div>\n<div class=\"structured-component-spacer\">&nbsp;</div>\n</div>\n<div class=\"product-detail-extra-detail__section\" data-observer-key=\"care\">\n<div class=\"structured-component-text-block-subtitle\"><span class=\"structured-component-text zds-heading-s\">CHĂM S&Oacute;C</span></div>\n<div class=\"structured-component-spacer\">&nbsp;</div>\n<div class=\"structured-component-text-block-paragraph\"><span class=\"structured-component-text zds-body-m\">Chăm s&oacute;c đ&uacute;ng c&aacute;ch quần &aacute;o của m&igrave;nh tức l&agrave; bạn đang bảo vệ m&ocirc;i trường</span></div>\n<div class=\"structured-component-spacer\">&nbsp;</div>\n<div class=\"structured-component-text-block-paragraph\"><span class=\"structured-component-text zds-body-m\">Giặt ở nhiệt độ thấp v&agrave; sử dụng c&aacute;c chế độ vắt nhẹ nh&agrave;ng sẽ c&oacute; lợi hơn cho quần &aacute;o, gi&uacute;p duy tr&igrave; m&agrave;u sắc, h&igrave;nh dạng v&agrave; cấu tr&uacute;c của vải. Đồng thời gi&uacute;p l&agrave;m giảm lượng năng lượng ti&ecirc;u thụ trong c&aacute;c qu&aacute; tr&igrave;nh chăm s&oacute;c. <br><br><a class=\" link\" href=\"https://www.zara.com/vn/vi/sustainability-clothing-care-l3129.html?v1=1596204\" target=\"_blank\" rel=\"noopener\"><span class=\"structured-component-text\">Hướng dẫn bảo quản quần &aacute;o</span></a></span></div>\n<div class=\"structured-component-spacer\">&nbsp;</div>\n<ul class=\"structured-component-icon-list\">\n<li class=\"structured-component-icon-list__item\"><span class=\"structured-component-text zds-body-m\">Giặt m&aacute;y ở nhiệt độ tối đa 30&ordm;C, vắt ở tốc độ thấp</span></li>\n<li class=\"structured-component-icon-list__item\"><span class=\"structured-component-text zds-body-m\">Kh&ocirc;ng sử dụng nước tẩy / thuốc tẩy</span></li>\n<li class=\"structured-component-icon-list__item\"><span class=\"structured-component-text zds-body-m\">Giặt ở nhiệt độ tối đa 150&ordm;C</span></li>\n<li class=\"structured-component-icon-list__item\"><span class=\"structured-component-text zds-body-m\">Chỉ giặt kh&ocirc; chỉ với c&aacute;c tinh chất kho&aacute;ng</span></li>\n<li class=\"structured-component-icon-list__item\"><span class=\"structured-component-text zds-body-m\">Kh&ocirc;ng sử dụng m&aacute;y sấy</span></li>\n</ul>\n<div class=\"structured-component-spacer\">&nbsp;</div>\n</div>\n<div class=\"product-detail-extra-detail__section\" data-observer-key=\"origin\">\n<div class=\"structured-component-text-block-subtitle\"><span class=\"structured-component-text zds-heading-s\">NGUỒN GỐC</span></div>\n<div class=\"structured-component-spacer\">&nbsp;</div>\n<div class=\"structured-component-text-block-paragraph\"><span class=\"structured-component-text zds-body-m\">Ch&uacute;ng t&ocirc;i c&oacute; c&aacute;c y&ecirc;u cầu truy xuất nguồn gốc để nắm r&otilde; chuỗi cung ứng trong qu&aacute; tr&igrave;nh sản xuất của m&igrave;nh. Ch&uacute;ng t&ocirc;i y&ecirc;u cầu c&aacute;c nh&agrave; cung cấp cung cấp th&ocirc;ng tin của tất cả c&aacute;c cơ sở tham gia v&agrave;o quy tr&igrave;nh sản xuất, từ c&aacute;c cơ sở sản xuất sợi chỉ hay sợi vải th&ocirc; (t&ugrave;y trường hợp) đến c&aacute;c cơ sở sản xuất sản phẩm cuối c&ugrave;ng cho mỗi đơn h&agrave;ng. Điều n&agrave;y &aacute;p dụng cho cả c&aacute;c nh&agrave; m&aacute;y nội bộ lẫn b&ecirc;n ngo&agrave;i, cũng như cho tất cả c&aacute;c b&ecirc;n trung gian tham gia v&agrave;o từng quy tr&igrave;nh.</span></div>\n<div class=\"structured-component-spacer\">&nbsp;</div>\n<div class=\"structured-component-text-block-paragraph\"><span class=\"structured-component-text zds-body-m\">Sản xuất tại Maroc</span></div>\n</div>', 1799, 498, 2, 1, '2025-05-21 14:15:53', '2025-05-21 15:53:20'),
(25, 'dasdas', '<p>dasdas</p>', 1, 0, 1, 1, '2025-05-22 03:14:34', '2025-05-22 03:33:33');



INSERT INTO `sections` (`id`, `name`, `image`, `createdAt`, `updatedAt`) VALUES
(1, 'Nam', NULL, '2025-05-20 14:54:09', '2025-05-20 14:54:09');
INSERT INTO `sections` (`id`, `name`, `image`, `createdAt`, `updatedAt`) VALUES
(2, 'Nữ', NULL, '2025-05-20 14:54:17', '2025-05-20 14:54:17');
INSERT INTO `sections` (`id`, `name`, `image`, `createdAt`, `updatedAt`) VALUES
(3, 'Trẻ em', NULL, '2025-05-20 14:54:24', '2025-05-20 14:54:24');

INSERT INTO `SequelizeMeta` (`name`) VALUES
('20250327063824-create-users.js');
INSERT INTO `SequelizeMeta` (`name`) VALUES
('20250327063832-create-address.js');
INSERT INTO `SequelizeMeta` (`name`) VALUES
('20250327063838-create-categories.js');
INSERT INTO `SequelizeMeta` (`name`) VALUES
('20250327063843-create-section.js'),
('20250327063847-create-products.js'),
('20250327063854-create-product-images.js'),
('20250327063857-create-product-variant-values.js'),
('20250327063902-create-orders.js'),
('20250327063906-create-order-details.js'),
('20250327063910-create-reviews.js'),
('20250327063914-create-carts.js'),
('20250327063922-create-cart-items.js'),
('20250327063926-create-variants.js'),
('20250327063930-create-variant-values.js');

INSERT INTO `users` (`id`, `email`, `type`, `firstname`, `lastname`, `password`, `role`, `avatar`, `createdAt`, `updatedAt`) VALUES
(1, 'ntt26072003@gmail.com', 'GOOGLE', 'Nguyễn Trọng', 'Trường', NULL, 'admin', 'https://lh3.googleusercontent.com/a/ACg8ocKg8t5g1DrK-Cre7PgyJ1wUbzTPU5dr_vts0f5B05Q8K91zKp24=s96-c', '2025-05-20 14:53:09', '2025-05-21 12:53:43');
INSERT INTO `users` (`id`, `email`, `type`, `firstname`, `lastname`, `password`, `role`, `avatar`, `createdAt`, `updatedAt`) VALUES
(2, 'sinonmuzic267@gmail.com', 'GOOGLE', NULL, 'Trường', NULL, 'user', 'https://lh3.googleusercontent.com/a/ACg8ocKoV1UoEXcJNgeL9u0rFwhASP022obF_YRd-nUmxEIbHhx2ucjU=s96-c', '2025-05-21 16:00:36', '2025-05-21 16:00:36');


INSERT INTO `variant_values` (`id`, `name`, `variant_id`, `createdAt`, `updatedAt`) VALUES
(1, 'M', 1, '2025-05-20 15:02:45', '2025-05-20 15:02:45');
INSERT INTO `variant_values` (`id`, `name`, `variant_id`, `createdAt`, `updatedAt`) VALUES
(2, 'L', 2, '2025-05-20 15:02:45', '2025-05-20 15:02:45');
INSERT INTO `variant_values` (`id`, `name`, `variant_id`, `createdAt`, `updatedAt`) VALUES
(3, 'XL', 3, '2025-05-20 15:02:45', '2025-05-20 15:02:45');
INSERT INTO `variant_values` (`id`, `name`, `variant_id`, `createdAt`, `updatedAt`) VALUES
(4, 'S', 1, '2025-05-20 15:42:55', '2025-05-20 15:42:55'),
(5, '120', 4, '2025-05-20 16:02:03', '2025-05-20 16:02:03'),
(6, '60', 5, '2025-05-20 16:02:03', '2025-05-20 16:02:03'),
(7, 'Đen', 6, '2025-05-20 19:07:58', '2025-05-20 19:07:58'),
(8, 'Be nhạt', 7, '2025-05-20 19:07:58', '2025-05-20 19:07:58'),
(9, 'Nâu', 6, '2025-05-21 14:15:53', '2025-05-21 14:15:53'),
(10, 'Xanh', 6, '2025-05-21 14:15:53', '2025-05-21 14:15:53'),
(11, 'Xanh nhạt', 6, '2025-05-21 14:15:53', '2025-05-21 14:15:53'),
(12, 'Nâu be', 6, '2025-05-21 14:15:54', '2025-05-21 14:15:54'),
(13, 'Nâu', 6, '2025-05-21 14:15:54', '2025-05-21 14:15:54'),
(14, 'Xanh', 6, '2025-05-21 14:15:54', '2025-05-21 14:15:54'),
(15, 'Xanh nhạt', 6, '2025-05-21 14:15:54', '2025-05-21 14:15:54'),
(16, 'Nâu be', 6, '2025-05-21 14:15:54', '2025-05-21 14:15:54'),
(17, 'Xanh', 6, '2025-05-21 14:15:54', '2025-05-21 14:15:54'),
(18, 'Nâu', 6, '2025-05-21 14:15:54', '2025-05-21 14:15:54'),
(19, 'Xanh nhạt', 6, '2025-05-21 14:15:54', '2025-05-21 14:15:54'),
(20, 'Nâu be', 6, '2025-05-21 14:15:54', '2025-05-21 14:15:54');

INSERT INTO `variants` (`id`, `name`, `createdAt`, `updatedAt`) VALUES
(1, 'Size', '2025-05-20 15:02:45', '2025-05-20 15:02:45');
INSERT INTO `variants` (`id`, `name`, `createdAt`, `updatedAt`) VALUES
(2, 'Size', '2025-05-20 15:02:45', '2025-05-20 15:02:45');
INSERT INTO `variants` (`id`, `name`, `createdAt`, `updatedAt`) VALUES
(3, 'Size', '2025-05-20 15:02:45', '2025-05-20 15:02:45');
INSERT INTO `variants` (`id`, `name`, `createdAt`, `updatedAt`) VALUES
(4, 'ML', '2025-05-20 16:02:03', '2025-05-20 16:02:03'),
(5, 'ML', '2025-05-20 16:02:03', '2025-05-20 16:02:03'),
(6, 'Màu', '2025-05-20 19:07:58', '2025-05-20 19:07:58'),
(7, 'Màu', '2025-05-20 19:07:58', '2025-05-20 19:07:58');


/*!40101 SET SQL_MODE=@OLD_SQL_MODE */;
/*!40014 SET FOREIGN_KEY_CHECKS=@OLD_FOREIGN_KEY_CHECKS */;
/*!40014 SET UNIQUE_CHECKS=@OLD_UNIQUE_CHECKS */;
/*!40101 SET CHARACTER_SET_CLIENT=@OLD_CHARACTER_SET_CLIENT */;
/*!40101 SET CHARACTER_SET_RESULTS=@OLD_CHARACTER_SET_RESULTS */;
/*!40101 SET COLLATION_CONNECTION=@OLD_COLLATION_CONNECTION */;
/*!40111 SET SQL_NOTES=@OLD_SQL_NOTES */;